name,sem1,sem2,sem3,sem4,sem5,sem6,sem7,sem8,dist,hour,tuition,hobby,gender,sep_room,competitive,higher_stud,campus,extra,cet_score
Ruthe Corbridge,9.6,7.32,7.88,9.98,8.56,8.48,9.34,9.88,20,2,No,Yes,Female,Yes,No,Yes,No,No,117
Abbot Bourgaize,9.64,7.05,6.64,7.5,9.04,9.92,9.94,7.68,4,10,Yes,No,Male,No,No,Yes,Yes,Yes,158
Agnes Wootton,9.54,9.86,8.57,6.57,8.58,9.64,9.13,9.05,20,2,Yes,No,Male,No,Yes,No,No,No,124
Edouard Sauvain,9.14,8.97,6.28,7.91,8.68,6.65,6.99,7.99,19,1,No,Yes,Female,Yes,Yes,No,No,No,171
Chiquita O'Rudden,6.25,6.58,6.26,7.07,8.43,7.0,8.73,7.47,20,2,No,Yes,Female,Yes,No,No,Yes,Yes,121
Mohandis McGibbon,9.98,8.64,9.89,9.47,6.57,8.58,7.69,6.85,18,2,Yes,No,Female,No,Yes,Yes,No,No,102
Quintus Roantree,8.32,9.74,8.53,6.6,7.83,9.56,6.75,6.77,17,2,Yes,Yes,Male,No,No,No,No,No,104
Granville Muck,9.54,8.07,6.03,8.47,7.85,6.62,8.91,7.94,6,3,No,Yes,Female,No,Yes,No,Yes,No,153
Cort Lyfe,6.6,8.43,7.43,7.74,7.6,6.44,8.78,9.27,21,7,No,No,Male,Yes,Yes,No,No,No,161
Pierson Twitchett,8.53,9.41,8.69,8.78,8.31,9.06,7.0,8.19,20,2,Yes,Yes,Female,No,No,Yes,Yes,Yes,131
Ricca Drakeley,6.81,6.69,9.36,6.95,8.91,9.84,9.11,8.02,2,2,No,No,Male,Yes,Yes,No,No,Yes,172
Lockwood Willshear,9.4,6.59,6.36,8.08,9.27,8.26,8.95,6.32,21,9,No,No,Male,Yes,No,Yes,No,No,165
Emmerich Bradborne,6.86,6.75,7.38,6.93,9.33,6.84,8.25,9.49,7,3,Yes,No,Female,Yes,No,Yes,No,No,107
Mayer Buff,9.36,6.44,6.07,7.85,6.24,8.09,9.86,7.5,7,10,Yes,Yes,Female,No,No,No,Yes,Yes,152
Cindee Cahillane,8.07,8.11,7.17,9.53,8.8,7.79,8.25,7.48,15,9,Yes,Yes,Female,No,Yes,No,No,No,148
Gene Grishelyov,9.86,8.78,8.56,7.06,8.14,9.19,7.51,7.94,12,1,Yes,No,Male,No,No,No,Yes,Yes,118
Sada Synan,6.17,8.7,8.87,8.11,9.73,6.22,7.52,9.16,5,1,No,No,Female,Yes,Yes,Yes,No,No,167
Lolly Saddleton,9.24,7.81,7.18,7.94,7.27,7.09,7.73,9.81,23,10,No,No,Male,No,No,No,Yes,Yes,94
Susanna Banasiak,9.91,8.79,8.05,8.24,9.74,7.37,6.96,8.61,11,5,Yes,Yes,Male,Yes,No,No,No,No,139
Filmer Marco,9.38,7.35,9.29,7.33,7.7,8.32,6.26,9.83,3,9,No,No,Male,No,No,No,Yes,Yes,116
Pryce Fearby,9.89,7.99,9.55,6.91,9.58,9.63,7.57,7.7,8,1,No,Yes,Female,Yes,No,Yes,No,No,98
Theda Romi,7.59,6.16,9.99,8.28,6.02,9.82,9.49,8.84,22,4,Yes,No,Female,No,No,Yes,No,No,174
Janetta Fillary,8.4,6.23,7.92,9.08,6.61,6.99,6.53,9.89,17,0,Yes,No,Female,No,Yes,No,No,No,110
Ambros Fernely,8.55,8.44,8.86,8.51,9.66,8.91,7.51,6.17,10,5,Yes,Yes,Female,Yes,No,Yes,No,No,149
Curtis Decent,8.72,7.26,8.54,6.01,6.36,7.09,7.11,6.69,17,10,No,No,Male,Yes,No,No,No,Yes,179
Quint Coast,6.79,8.38,7.89,9.18,9.05,9.99,6.86,7.44,24,10,No,No,Female,Yes,Yes,No,No,Yes,131
Tedda Hacking,9.27,9.43,9.97,6.38,9.82,7.15,6.34,9.79,19,1,No,Yes,Female,Yes,No,No,Yes,No,151
Verine Dunseith,9.62,6.41,9.47,7.45,6.37,7.47,7.48,7.17,19,1,No,No,Female,Yes,No,Yes,No,No,156
Berton Lintall,7.97,6.68,9.9,7.97,8.61,6.69,6.74,8.36,19,2,No,Yes,Female,No,No,Yes,No,Yes,135
Melantha Tennewell,6.82,7.97,6.86,6.92,8.07,9.47,9.77,9.79,6,1,No,Yes,Male,No,No,No,No,Yes,149
Celestyna Vasilchikov,7.79,6.22,8.4,9.51,7.03,7.27,9.95,8.67,22,6,Yes,No,Male,Yes,Yes,Yes,Yes,No,106
Arlette Barkas,7.68,8.09,6.76,9.86,6.03,6.8,9.53,8.9,7,7,No,Yes,Male,No,Yes,No,No,Yes,155
Cariotta Guess,8.23,9.3,9.42,6.77,7.41,7.98,9.53,9.85,5,0,No,No,Female,No,Yes,Yes,No,Yes,105
Davine Bodiam,6.33,9.38,6.98,6.52,6.89,8.39,9.51,8.39,2,0,No,No,Male,No,No,No,Yes,Yes,166
Leanora MacCague,8.52,7.97,8.94,6.72,8.01,8.31,8.29,9.44,8,2,No,No,Female,No,No,Yes,Yes,No,84
Olivero Goodlud,8.13,6.59,8.77,8.07,9.88,8.82,9.61,8.11,15,2,Yes,No,Male,No,Yes,No,Yes,Yes,170
Jodie Aleksashin,8.18,9.43,6.01,6.89,9.4,7.34,8.71,7.53,3,10,No,Yes,Female,No,No,Yes,Yes,No,125
Michale Moller,8.74,9.05,8.04,6.73,7.67,9.3,7.91,6.13,15,7,No,No,Male,No,Yes,No,Yes,No,139
Ali Croyser,8.41,6.26,6.75,7.0,6.13,8.01,9.01,8.26,10,7,No,No,Male,Yes,No,Yes,No,Yes,101
Beitris Stubbert,7.4,7.26,6.8,7.55,8.47,7.18,6.14,7.12,4,8,No,No,Female,Yes,Yes,Yes,Yes,No,158
Lion Checci,6.36,9.57,6.53,9.46,8.15,9.01,7.28,8.84,20,10,No,No,Male,No,No,Yes,No,Yes,155
Chickie Caen,8.69,9.04,7.2,6.04,7.22,9.52,9.58,8.51,12,5,Yes,No,Male,Yes,Yes,Yes,No,Yes,89
Brenda O'Howbane,9.5,7.87,9.35,9.58,6.95,8.33,9.54,7.59,10,7,Yes,No,Male,Yes,No,No,Yes,Yes,125
Ernaline Allbrook,6.09,8.46,6.96,6.49,6.83,8.08,9.92,7.0,20,1,No,Yes,Female,Yes,No,Yes,No,Yes,170
Leoline Rablen,7.34,6.86,9.19,8.3,8.71,6.36,6.45,6.87,14,7,Yes,Yes,Female,Yes,Yes,Yes,No,No,85
Worthy Phetteplace,7.73,8.79,6.63,9.38,8.14,9.24,6.41,6.98,13,6,Yes,No,Female,No,No,Yes,No,No,132
Cathrin Accombe,6.01,8.46,6.71,7.47,8.47,7.51,7.33,7.48,8,0,Yes,Yes,Female,No,No,No,Yes,Yes,170
Rocky Heyfield,9.63,6.56,8.82,7.96,9.31,6.82,6.39,7.67,24,9,No,Yes,Male,No,Yes,Yes,Yes,Yes,147
Ranee Goodisson,8.36,8.62,8.84,6.86,6.14,7.09,7.07,7.08,11,1,Yes,No,Male,Yes,Yes,No,No,No,173
Shari Dowrey,8.24,9.42,7.99,9.28,7.75,9.22,8.42,8.69,5,9,Yes,No,Male,Yes,Yes,No,No,No,143
Saw McCrystal,6.78,6.65,7.02,8.84,9.83,8.13,9.88,9.66,14,6,No,No,Male,Yes,No,No,Yes,No,135
Tiler Kures,7.13,7.89,9.63,8.87,7.72,9.77,9.59,6.7,7,8,No,Yes,Male,No,No,No,No,No,177
Cassy Junkison,6.21,6.21,8.03,7.8,8.1,6.53,6.52,6.59,4,5,Yes,Yes,Male,No,Yes,Yes,No,Yes,146
Murial Spyer,9.1,8.09,9.2,7.02,6.66,9.91,9.07,7.42,5,9,No,Yes,Male,Yes,No,Yes,No,Yes,174
Andrej Janik,6.62,7.49,6.51,7.32,8.63,7.41,9.17,8.17,16,0,Yes,Yes,Female,Yes,No,Yes,No,No,159
Jeannie MacDowal,6.2,7.43,8.54,8.87,8.14,8.37,9.83,7.91,7,6,Yes,Yes,Female,No,Yes,No,No,No,101
Jermaine Newnham,9.46,9.06,9.45,8.8,8.65,9.98,9.44,8.31,4,6,Yes,Yes,Female,No,No,No,No,No,140
Shane MacComiskey,8.88,8.31,6.99,6.56,9.56,9.21,8.58,6.2,12,1,Yes,Yes,Female,No,Yes,No,No,Yes,81
Lorna De Atta,9.86,7.0,8.98,9.21,8.23,8.01,6.86,8.77,7,7,Yes,Yes,Male,No,Yes,Yes,No,No,127
Cathyleen Woolley,6.04,8.36,7.05,7.22,7.22,9.38,7.24,7.59,22,8,No,Yes,Female,Yes,Yes,Yes,Yes,No,125
Kendrick Fabler,8.45,6.38,6.98,6.65,6.97,6.14,7.05,8.85,21,5,Yes,Yes,Male,No,No,No,No,No,132
Ennis Odell,8.11,8.78,7.38,7.99,9.01,7.01,6.44,6.35,23,4,No,No,Female,Yes,Yes,No,No,Yes,91
Tedd McConnell,6.87,6.12,6.08,8.96,6.69,6.45,9.22,6.21,14,7,No,Yes,Female,No,Yes,No,No,Yes,166
Peta Stark,8.49,8.23,9.42,8.7,9.29,7.86,6.64,9.75,24,3,Yes,Yes,Female,No,No,No,No,Yes,102
Griswold Ianniello,9.52,6.81,6.91,6.46,6.24,6.12,9.02,7.32,14,7,No,Yes,Male,No,Yes,Yes,No,Yes,107
Theodosia Weller,9.0,7.6,6.38,8.72,9.12,9.58,8.58,7.8,8,1,No,Yes,Female,No,Yes,Yes,Yes,No,84
Oates Berling,8.26,7.57,7.06,8.64,9.52,6.08,8.3,9.54,9,6,No,Yes,Female,Yes,No,No,Yes,No,178
Oralee Corde,7.64,7.53,8.7,6.2,7.93,9.74,8.37,7.65,25,7,No,No,Male,No,Yes,No,No,No,113
Erma Corson,8.5,7.87,8.25,8.4,8.25,9.5,6.37,9.04,17,5,Yes,No,Male,Yes,Yes,Yes,Yes,Yes,84
Terrel Luna,7.8,6.86,6.7,7.69,9.42,6.03,7.96,9.88,10,5,Yes,No,Female,No,Yes,Yes,No,No,131
Manya McCawley,8.2,8.56,8.03,8.85,7.71,6.94,6.9,9.94,20,10,No,Yes,Female,Yes,No,Yes,Yes,No,132
Marquita Raxworthy,7.2,9.25,6.66,9.1,6.41,6.36,8.81,6.41,15,3,No,Yes,Male,No,Yes,No,Yes,Yes,82
Carena Copyn,6.87,7.73,9.68,9.67,9.55,7.94,6.77,6.18,9,2,No,No,Male,No,Yes,No,Yes,Yes,162
Ginnie Sandercock,7.83,6.7,8.85,8.69,7.38,8.66,7.65,6.87,3,3,Yes,No,Male,Yes,Yes,Yes,No,No,124
Sutherlan Philpots,7.65,7.79,8.68,6.66,8.11,9.44,9.72,6.02,15,9,Yes,No,Female,Yes,Yes,No,Yes,Yes,151
Woodie Croll,6.66,9.21,8.03,9.41,7.38,9.44,7.59,8.59,9,5,Yes,Yes,Male,Yes,Yes,Yes,Yes,Yes,171
Darin Jahan,6.17,6.13,6.63,8.59,9.96,6.07,9.93,9.69,4,0,Yes,Yes,Female,No,Yes,No,Yes,No,159
Rosene Kearton,9.88,6.12,8.85,6.01,7.27,8.83,7.76,9.43,19,3,Yes,Yes,Female,No,Yes,Yes,Yes,No,89
Augustus Darbyshire,9.29,6.87,8.99,7.57,6.32,8.27,6.23,7.2,5,7,Yes,No,Male,Yes,No,No,Yes,Yes,129
Abran Dytham,7.33,7.56,7.63,9.59,6.92,6.24,6.82,7.89,14,10,No,No,Male,Yes,No,Yes,No,Yes,133
Lalo Grimsdale,6.3,8.34,8.54,9.35,9.74,7.69,7.85,9.83,2,5,Yes,No,Female,No,Yes,Yes,No,No,81
Elva Rowlson,8.33,8.11,6.89,7.3,8.48,9.51,8.94,7.02,2,7,Yes,Yes,Female,Yes,Yes,No,No,No,115
Gale Showler,8.67,8.73,8.29,7.19,6.5,7.92,8.0,9.0,24,1,No,No,Male,Yes,No,No,No,No,88
Zsa zsa Bauduin,8.76,7.72,6.32,9.29,8.24,9.92,7.81,9.91,25,6,No,No,Male,No,Yes,No,Yes,No,150
Tait Raspin,6.63,8.36,7.69,6.74,9.69,9.05,9.84,8.14,13,0,No,Yes,Male,No,No,Yes,Yes,Yes,136
Karlen Firpo,8.7,6.17,9.87,6.92,9.45,6.85,6.72,9.33,22,3,No,Yes,Male,Yes,Yes,Yes,No,No,85
Rivkah Caswall,6.43,6.94,8.38,8.36,6.23,6.44,7.76,7.53,13,8,No,Yes,Female,No,Yes,No,No,Yes,121
Tamiko Grewar,6.63,8.99,7.01,9.23,6.88,7.78,8.19,8.09,24,10,No,No,Male,Yes,No,No,Yes,No,91
Hugh Gillie,7.26,8.34,7.61,6.22,8.17,9.8,7.77,8.54,20,0,Yes,No,Female,No,No,Yes,No,No,139
Rachelle Hrishchenko,7.93,7.09,9.11,8.94,8.09,6.15,6.81,9.37,16,9,Yes,No,Female,Yes,Yes,No,No,No,81
Jillane Hartrick,8.74,9.8,9.97,9.88,6.65,7.55,9.37,8.62,18,3,No,No,Male,Yes,Yes,No,Yes,No,154
Roana Ghelardoni,9.43,6.57,8.6,9.74,6.51,9.67,7.88,9.29,15,4,No,No,Male,Yes,Yes,No,Yes,No,106
Clo Antonellini,9.17,9.67,8.35,6.49,7.76,7.56,9.16,7.0,21,5,Yes,No,Male,Yes,No,Yes,No,No,102
Dalila Poxson,8.63,6.64,9.09,6.83,7.76,8.99,7.7,9.67,21,4,No,No,Female,No,Yes,No,Yes,Yes,151
Brana Kinworthy,9.2,8.9,6.08,6.1,6.91,6.9,7.63,9.17,15,9,Yes,No,Female,Yes,No,Yes,Yes,No,125
Ninon Underhill,7.0,7.3,9.45,6.59,9.72,8.82,8.34,9.81,17,0,No,Yes,Female,Yes,Yes,Yes,Yes,Yes,173
Sibylle Edwicker,8.35,8.23,7.45,8.2,9.7,6.4,9.22,6.31,25,1,No,Yes,Male,Yes,No,Yes,Yes,No,133
Dorthy Faloon,9.48,9.6,7.33,8.21,6.63,6.31,6.29,7.76,9,9,Yes,No,Female,No,No,No,No,No,100
Edwina Biscomb,8.93,9.72,7.47,8.14,9.81,7.16,9.17,9.95,4,7,Yes,No,Female,Yes,No,No,Yes,No,120
Denni Greave,9.21,8.01,7.99,9.58,7.15,8.73,6.19,6.51,10,7,Yes,No,Female,Yes,Yes,No,No,Yes,130
Carmina Belleny,6.82,8.17,6.2,6.52,8.3,6.19,9.48,7.41,5,8,No,No,Male,Yes,Yes,No,Yes,Yes,156
Wait Buckell,6.62,6.89,6.42,8.9,7.97,9.26,6.39,6.06,21,7,Yes,Yes,Female,No,Yes,No,No,No,127
Cathee Sauniere,9.51,6.39,9.97,6.51,6.25,9.86,7.36,9.93,8,9,No,No,Male,No,Yes,No,No,No,171
Hillier Scown,9.04,7.57,8.84,8.56,9.27,8.89,9.57,7.66,2,5,No,Yes,Male,Yes,No,Yes,No,No,171
Darrin Duthy,9.6,8.23,8.39,9.35,9.93,8.68,8.15,9.64,2,5,No,No,Female,Yes,No,No,Yes,Yes,86
Devan Andell,6.94,8.87,9.08,7.67,7.34,6.85,8.97,7.51,18,8,No,Yes,Female,No,No,No,Yes,No,84
Persis Noke,7.86,9.5,8.58,9.49,6.87,7.45,9.97,9.27,16,5,No,No,Male,No,Yes,Yes,Yes,No,115
Murial Mosconi,9.62,9.29,6.72,8.03,7.67,8.67,8.29,9.57,8,3,Yes,Yes,Male,No,No,Yes,No,No,108
Nev Pyott,8.72,7.96,6.09,6.07,8.21,9.39,8.95,7.63,7,4,Yes,Yes,Female,No,Yes,No,Yes,No,101
Francesco Sanchez,6.56,9.42,6.03,8.37,8.18,7.82,6.52,9.89,21,2,No,No,Female,Yes,Yes,Yes,Yes,No,102
Olin Stanyard,8.03,9.12,9.11,7.18,7.42,8.01,8.93,7.37,23,5,Yes,Yes,Male,Yes,No,No,Yes,No,165
Cybill Harnwell,6.79,8.98,9.02,6.23,7.28,6.38,9.15,6.96,9,9,No,Yes,Male,Yes,Yes,No,No,No,98
Lance Lamb,8.21,6.71,6.84,6.13,6.3,6.39,8.59,8.72,17,9,Yes,No,Male,No,Yes,Yes,Yes,No,86
Van Doward,9.14,7.54,6.67,6.43,6.17,7.31,7.97,8.63,7,0,Yes,No,Male,No,Yes,No,Yes,Yes,177
Constantia Yackiminie,7.74,7.95,6.99,9.77,6.98,8.62,9.64,9.6,20,3,No,Yes,Male,Yes,Yes,Yes,Yes,No,151
Barbara-anne Muddicliffe,7.07,6.06,8.43,6.93,8.23,6.28,6.58,7.0,13,6,Yes,No,Female,No,No,No,No,No,145
Leesa Robey,6.23,9.57,8.25,8.78,7.97,6.07,6.17,8.06,10,1,Yes,No,Male,No,Yes,Yes,No,No,138
Oliviero Ashfold,7.35,8.23,8.25,8.63,6.37,6.72,8.93,7.66,7,4,Yes,Yes,Male,No,Yes,No,No,Yes,133
Dan Baselio,9.16,7.56,9.95,8.28,7.2,8.09,7.5,6.99,7,2,Yes,No,Female,Yes,No,No,Yes,No,119
Angelika Langstone,9.69,7.37,6.94,6.94,6.62,8.95,6.08,6.33,2,4,No,Yes,Female,Yes,Yes,No,No,No,111
Donella Hansom,9.07,7.41,8.35,9.98,7.45,6.98,9.16,6.01,11,9,Yes,No,Female,Yes,Yes,No,Yes,No,132
Jilleen Folcarelli,6.11,6.72,7.96,6.48,7.76,9.28,8.28,6.52,11,1,Yes,Yes,Female,No,Yes,Yes,Yes,Yes,160
Ingeborg Kesby,6.87,6.5,9.19,8.06,7.23,6.09,9.12,8.99,21,3,Yes,Yes,Male,No,Yes,Yes,Yes,No,91
Somerset Dackombe,6.2,8.4,7.05,8.28,8.57,6.66,8.34,7.18,8,10,No,No,Male,Yes,Yes,No,Yes,Yes,178
Mickie Daenen,9.48,9.78,8.42,9.01,7.63,7.26,7.26,9.98,24,4,Yes,Yes,Female,Yes,No,No,No,Yes,160
Harrison Teare,7.55,6.74,8.79,8.17,7.34,9.57,6.4,6.77,7,2,No,Yes,Male,Yes,No,Yes,No,No,99
Nert Drynan,8.25,8.85,6.3,6.92,9.02,7.0,6.37,9.21,19,7,Yes,No,Female,Yes,No,Yes,Yes,Yes,145
Turner Cotgrave,7.52,9.86,9.11,6.87,6.07,7.07,8.97,6.08,22,3,Yes,Yes,Female,No,No,Yes,No,No,83
Abagael Dyshart,8.1,7.63,9.94,8.9,6.47,7.11,6.62,7.32,23,10,No,Yes,Female,No,Yes,Yes,No,No,143
Dalston Sawrey,8.49,6.07,7.14,9.22,8.55,6.68,8.45,8.72,10,6,Yes,Yes,Female,No,Yes,Yes,Yes,Yes,129
Thebault Askin,7.04,9.82,7.87,8.8,6.52,8.54,7.49,6.78,5,10,No,No,Male,Yes,Yes,Yes,No,Yes,100
Tildie Gommey,8.88,9.17,7.91,7.22,9.59,9.81,9.0,6.68,17,9,Yes,Yes,Male,Yes,Yes,No,No,Yes,115
Myrtice Tickner,9.57,9.09,9.8,7.18,9.23,6.45,7.37,9.26,24,6,Yes,Yes,Male,Yes,No,No,Yes,No,82
Fancie Seer,6.55,8.94,6.09,7.41,6.46,6.1,9.26,8.14,5,7,Yes,No,Male,No,No,No,No,Yes,123
Merwyn Lossman,8.61,6.5,9.94,6.53,7.1,6.28,8.16,8.17,13,3,No,Yes,Female,Yes,Yes,No,Yes,Yes,148
Reeta Mildenhall,8.27,9.89,8.16,6.19,8.67,8.13,8.7,8.71,5,2,No,Yes,Female,Yes,Yes,Yes,Yes,Yes,96
Meredith Abisetti,6.66,9.59,9.64,6.6,7.88,6.68,8.04,8.08,20,8,Yes,No,Male,Yes,Yes,No,Yes,Yes,157
Ora Jeffcoat,6.98,9.57,7.5,9.78,9.25,7.24,9.62,9.98,9,5,No,No,Female,Yes,Yes,Yes,Yes,Yes,142
Jerrold Hymer,6.33,7.46,9.2,6.08,9.09,7.73,9.66,6.86,22,0,Yes,Yes,Male,No,No,No,Yes,Yes,147
Clementius Hollyman,9.61,6.18,6.96,7.0,9.02,8.61,6.04,9.49,10,4,No,Yes,Female,Yes,No,Yes,No,No,135
Merna Inchboard,8.2,9.93,7.78,8.59,6.79,7.35,7.58,7.64,19,2,No,No,Female,Yes,No,Yes,No,Yes,96
Neddie Kinneally,9.19,8.0,9.2,7.27,8.5,7.04,7.61,7.03,3,4,Yes,Yes,Male,Yes,No,No,No,No,128
Jobina Tavener,8.29,9.35,7.65,9.72,7.38,8.67,9.1,9.66,19,8,No,Yes,Female,Yes,No,No,Yes,No,84
Janette Zapata,6.79,9.03,7.52,6.38,7.27,7.0,6.18,9.11,24,6,Yes,No,Female,No,No,No,No,No,111
Dur Melhuish,7.67,6.22,8.25,8.92,8.34,7.99,10.0,6.61,5,10,Yes,Yes,Female,Yes,Yes,Yes,No,No,112
Ignaz Lancetter,6.16,6.3,9.04,7.16,7.16,7.17,8.33,8.66,20,2,Yes,No,Female,No,Yes,Yes,Yes,No,130
Angele Amberg,8.89,9.19,8.15,9.84,7.6,8.07,8.01,6.42,24,6,No,Yes,Female,No,Yes,Yes,Yes,No,104
Leticia Ness,6.89,9.64,6.1,6.2,6.07,9.94,7.78,6.65,22,0,Yes,No,Female,Yes,No,No,No,No,124
Alberta Dadswell,9.77,9.59,9.57,6.21,6.26,6.28,8.91,7.74,8,3,No,No,Female,Yes,Yes,No,No,Yes,145
Olivia Troyes,9.15,8.17,6.06,6.74,7.46,9.32,9.88,6.19,10,5,No,Yes,Male,Yes,Yes,No,Yes,No,179
Myrtie Deyes,9.22,7.25,8.63,9.5,6.94,7.71,7.55,6.61,21,4,Yes,No,Female,No,No,No,No,No,144
Svend Jeavons,6.78,8.85,9.75,8.77,6.14,9.02,9.49,8.14,13,10,Yes,No,Male,Yes,No,No,Yes,Yes,108
Stanislaus Goacher,9.91,9.21,8.82,9.85,8.1,8.61,8.83,8.25,11,10,Yes,Yes,Male,No,Yes,Yes,Yes,No,80
Carlynn Jedrzejewsky,9.67,7.81,8.31,8.74,8.7,9.78,7.68,9.53,18,6,No,No,Female,No,Yes,No,Yes,No,155
Jo ann Fattorini,8.86,9.8,7.56,9.59,6.73,8.29,9.31,7.15,8,6,Yes,No,Female,Yes,Yes,No,No,No,89
Holly Fowley,9.93,6.48,8.85,9.01,6.83,6.59,9.04,9.2,10,8,Yes,Yes,Female,No,Yes,Yes,No,Yes,166
Jeffrey Drillot,7.81,7.94,7.73,7.59,9.04,9.21,6.89,7.62,15,1,No,Yes,Male,No,No,Yes,No,No,109
Ebba Wanklyn,8.37,6.03,8.62,7.12,7.91,9.5,8.36,9.35,22,4,Yes,No,Male,Yes,No,No,Yes,Yes,175
Joell Etuck,8.04,8.04,7.89,9.63,7.57,6.84,8.37,8.11,24,4,Yes,No,Male,No,Yes,No,Yes,Yes,147
Van Zouch,7.28,8.39,6.07,8.18,9.28,7.33,6.41,8.23,8,2,Yes,No,Female,Yes,Yes,Yes,Yes,Yes,177
Miller Heims,9.91,7.93,8.53,6.98,8.3,6.16,7.6,8.92,13,4,Yes,Yes,Male,No,No,No,Yes,No,147
Konstantine Coyne,7.46,9.21,8.01,8.38,6.16,9.59,8.59,6.08,6,0,No,No,Female,Yes,Yes,Yes,Yes,No,164
Jerrilee Steers,6.12,9.14,7.02,7.71,9.61,6.83,7.48,7.58,19,7,Yes,No,Male,No,No,No,Yes,No,86
Leann Richemont,7.2,9.83,9.56,7.66,8.32,7.87,6.36,8.17,14,0,Yes,Yes,Female,No,No,Yes,Yes,No,125
Karole Iveagh,9.13,6.98,6.29,8.28,9.95,7.38,7.16,7.6,5,6,Yes,Yes,Female,No,Yes,Yes,Yes,Yes,119
Deloris Fassman,7.36,8.33,9.33,8.14,8.24,9.62,7.19,6.1,7,8,No,No,Male,No,No,Yes,Yes,No,99
Hyatt Acom,8.03,9.21,7.16,8.08,9.58,8.52,9.48,7.66,14,8,No,Yes,Male,No,No,No,No,No,127
Eyde Ivashin,7.97,7.6,7.07,8.61,6.06,8.73,6.99,9.59,9,4,Yes,No,Female,Yes,Yes,Yes,No,Yes,124
Kalie Marjot,9.89,8.58,7.9,8.35,9.1,9.65,7.33,8.38,20,6,Yes,Yes,Female,Yes,No,No,No,No,132
Rafferty Bagott,7.07,6.67,6.93,6.92,7.35,6.23,7.35,7.93,2,7,Yes,Yes,Female,No,Yes,Yes,No,Yes,160
Zonnya Bukac,8.24,8.99,6.53,7.37,8.59,7.99,6.33,9.3,23,9,Yes,Yes,Female,Yes,Yes,Yes,No,Yes,134
Rahel Redmore,8.49,7.82,6.39,7.07,6.55,7.77,6.39,8.4,10,0,No,No,Male,No,Yes,Yes,No,Yes,144
Rosina Hucquart,9.09,7.28,6.87,9.41,8.97,7.25,8.22,8.42,14,0,Yes,Yes,Male,Yes,Yes,No,No,No,91
Mady Kevern,7.9,7.49,8.08,9.99,8.67,9.78,9.31,7.48,7,10,Yes,No,Female,Yes,Yes,No,No,No,144
Tome Ferreres,7.18,8.34,6.88,6.87,9.35,9.82,6.79,7.23,25,5,No,Yes,Female,Yes,No,Yes,No,Yes,98
Nessi Olivey,6.39,9.95,9.99,9.58,9.17,6.54,6.98,7.14,7,3,Yes,Yes,Male,No,Yes,Yes,Yes,No,84
Danie Stallebrass,7.51,6.11,9.18,6.03,8.13,8.31,7.18,6.2,10,5,No,Yes,Female,No,No,No,Yes,No,149
Brynna Mackrill,8.18,8.11,6.19,8.26,8.76,6.61,9.52,9.65,19,4,No,Yes,Female,No,No,Yes,No,No,152
Lanita Dabnor,7.87,7.04,8.7,8.75,8.94,9.41,6.34,9.3,22,6,Yes,Yes,Female,No,Yes,Yes,No,No,110
Deina Knell,7.29,9.4,9.56,7.25,9.17,9.83,6.27,6.28,4,6,No,No,Male,No,No,No,Yes,Yes,104
Sarena Pearcey,9.18,8.92,7.91,7.45,8.09,8.72,7.53,8.08,20,4,No,No,Female,Yes,No,No,Yes,No,163
Timotheus Steet,8.12,9.61,9.91,6.93,9.49,8.82,6.02,9.86,24,7,No,Yes,Male,No,Yes,No,Yes,No,151
Shauna Dunridge,7.19,8.36,6.18,7.66,6.31,8.76,7.5,6.97,14,2,Yes,No,Male,Yes,Yes,No,Yes,Yes,155
Norris Hehnke,9.51,7.81,9.45,8.67,7.92,9.36,6.41,9.92,19,5,No,No,Male,Yes,Yes,Yes,Yes,Yes,111
Luella Linnell,9.52,6.34,8.32,8.88,8.33,8.2,7.78,6.51,5,4,No,No,Male,Yes,No,No,Yes,No,133
Lizzie Copins,7.46,9.22,7.22,7.02,9.95,9.88,9.24,8.51,16,5,Yes,Yes,Male,Yes,No,No,Yes,No,173
Justinian Orans,7.16,7.34,8.64,7.77,9.94,7.71,9.74,7.99,20,9,No,Yes,Male,Yes,Yes,No,Yes,Yes,130
Zilvia Lathom,9.01,6.73,6.81,9.06,8.79,6.25,8.41,7.55,10,4,No,Yes,Male,No,No,No,Yes,Yes,83
Lauren Laweles,9.28,8.29,7.71,8.0,7.67,8.82,7.63,7.93,4,5,Yes,No,Male,No,No,No,No,No,173
Emmy Congreave,6.1,9.18,6.89,8.12,6.71,8.65,6.13,7.29,15,2,No,Yes,Female,No,No,Yes,No,No,84
Westbrooke Leschelle,7.68,7.18,9.41,6.4,6.81,9.95,8.82,7.68,22,5,Yes,No,Male,No,No,No,No,Yes,157
Brita Blois,8.24,6.53,9.71,7.56,7.81,9.05,9.2,7.46,6,4,Yes,Yes,Male,No,No,Yes,No,Yes,157
Reagen Quail,8.31,9.88,8.64,8.38,6.55,8.72,8.74,9.64,16,2,No,No,Male,Yes,No,Yes,No,No,154
Nance Mowat,8.03,8.2,7.28,7.61,7.36,6.89,9.59,8.33,25,6,No,No,Female,Yes,No,No,No,No,86
Lelia Astridge,9.2,8.42,6.95,9.44,8.61,7.02,8.35,7.43,19,8,Yes,Yes,Female,No,Yes,Yes,Yes,Yes,177
Sindee Colvill,7.77,6.46,8.43,9.51,7.94,8.0,8.07,7.06,18,1,Yes,Yes,Female,Yes,No,Yes,No,Yes,160
Sigfried Spivey,9.7,7.74,9.63,9.22,8.21,9.09,7.99,9.71,2,0,Yes,No,Male,No,No,Yes,Yes,Yes,114
Annabal Edeson,6.18,6.67,7.63,9.75,8.71,7.03,8.2,6.91,14,5,No,No,Male,Yes,No,No,No,No,168
Delaney Batcock,6.37,9.34,9.9,7.73,8.96,9.81,7.68,8.96,14,7,No,Yes,Male,Yes,Yes,No,Yes,No,158
Merell Odde,6.97,7.17,6.44,8.49,8.23,8.29,8.13,8.59,22,2,No,Yes,Female,No,No,Yes,Yes,No,124
Wiatt Penticost,8.3,8.56,7.43,9.09,9.62,8.2,6.2,7.02,16,8,No,No,Male,Yes,Yes,No,Yes,No,155
Bayard Bilfoot,8.53,7.16,7.88,8.03,8.85,8.86,7.26,7.18,20,6,Yes,No,Male,Yes,No,Yes,Yes,No,110
Rodrick Bolsover,9.17,8.78,6.0,8.02,8.99,9.71,9.11,6.7,6,5,No,No,Male,No,No,Yes,No,Yes,139
Hamlen Athy,7.44,7.44,8.39,9.47,7.47,6.25,7.1,9.55,5,10,Yes,Yes,Female,No,No,No,Yes,Yes,82
Philomena Conerding,7.52,7.07,8.54,8.84,7.7,8.51,8.55,6.42,22,1,No,No,Male,No,Yes,No,No,No,148
Lona Lampett,7.31,9.85,9.35,6.11,7.09,7.85,9.58,8.92,3,10,No,No,Male,Yes,Yes,Yes,No,Yes,140
Damon Shoppee,7.1,7.67,8.12,6.78,9.37,6.39,9.24,9.22,15,3,No,No,Male,Yes,Yes,Yes,No,No,150
Lawrence Arnold,6.89,7.9,9.37,6.05,9.3,6.51,6.81,8.16,14,4,No,Yes,Male,Yes,No,No,Yes,No,85
Roselin Schult,7.33,8.72,9.61,8.15,7.5,9.65,7.44,8.85,6,8,Yes,Yes,Male,Yes,Yes,Yes,Yes,Yes,126
Garner Dumsday,8.62,6.7,6.91,6.67,7.61,6.4,7.67,8.31,17,4,Yes,Yes,Female,Yes,Yes,Yes,Yes,Yes,148
Sammie Abrahmovici,9.74,7.05,9.16,6.2,7.93,9.08,7.19,8.61,23,5,No,Yes,Female,No,No,Yes,Yes,No,87
Tessa Gerrill,9.75,6.48,9.64,9.86,8.85,9.04,6.67,7.61,17,2,No,Yes,Female,Yes,No,No,No,No,179
Thorndike Messitt,6.33,7.67,8.57,9.43,9.84,9.45,6.21,8.94,19,6,No,No,Male,No,No,Yes,Yes,No,108
Robenia Eastup,6.58,9.38,8.95,8.77,9.75,6.38,6.84,9.04,4,7,No,No,Female,Yes,Yes,No,No,No,103
Lynn Winter,7.67,8.89,7.2,9.86,6.73,9.32,6.58,7.56,5,7,No,No,Male,Yes,Yes,No,Yes,Yes,93
Patton Fenney,6.82,7.95,8.52,7.82,6.03,6.08,9.59,8.16,20,10,Yes,Yes,Male,No,Yes,No,No,Yes,88
Pamella Hunnable,7.0,6.47,8.3,6.15,9.3,8.79,9.64,9.27,14,5,No,No,Female,No,No,Yes,No,Yes,160
Grenville Gonning,6.13,9.52,9.63,8.89,6.02,9.91,8.03,8.03,16,1,No,No,Female,No,Yes,Yes,Yes,No,95
Randal Wayland,6.16,6.57,8.71,7.18,7.32,7.66,7.12,7.21,22,7,No,No,Male,Yes,No,No,No,No,125
Gardy Gummer,7.85,9.02,8.3,7.8,7.43,7.77,7.76,8.59,21,8,No,Yes,Male,Yes,No,Yes,No,No,180
Ola Birley,9.68,7.71,9.52,8.13,6.36,7.48,9.01,8.43,14,3,Yes,Yes,Male,No,No,Yes,Yes,Yes,100
Blondie Bradlaugh,9.85,7.19,6.74,6.05,9.61,6.41,6.98,6.8,10,9,Yes,No,Female,Yes,Yes,Yes,Yes,Yes,104
Brittaney Kilshall,6.05,6.65,9.79,7.95,8.72,8.36,7.95,6.13,4,9,No,No,Female,Yes,No,Yes,No,No,97
Malanie Menaul,9.23,7.16,8.09,9.58,7.23,7.44,7.77,8.73,13,7,No,Yes,Male,No,No,Yes,Yes,Yes,87
Rivy Seden,6.03,9.44,9.46,6.54,9.22,8.12,8.23,7.89,3,2,Yes,No,Female,Yes,No,Yes,Yes,No,151
Demetris Acom,6.83,8.26,6.33,9.76,6.4,7.56,7.34,8.76,3,1,Yes,Yes,Male,Yes,No,Yes,Yes,No,157
Horace Prettjohn,7.07,6.54,9.72,6.13,6.17,7.95,8.23,8.78,20,10,Yes,No,Female,Yes,No,No,Yes,Yes,96
Caitlin Kilmartin,9.39,9.09,8.9,7.46,8.84,7.78,9.89,9.72,12,8,No,No,Male,No,No,No,No,Yes,151
Guillema Taffrey,7.04,9.94,9.43,8.67,8.04,7.08,9.52,8.98,25,4,Yes,Yes,Male,No,No,No,Yes,No,134
Lezley Inold,6.91,9.71,6.55,7.85,7.17,6.01,9.99,7.84,4,3,No,No,Male,Yes,Yes,No,No,Yes,91
Worth Elks,9.15,6.21,9.9,7.81,9.83,6.57,8.21,7.02,12,7,Yes,No,Male,Yes,Yes,Yes,Yes,Yes,93
Cahra Gallagher,7.38,8.05,6.93,8.56,7.37,7.18,7.44,9.02,7,8,Yes,No,Female,Yes,No,No,No,No,88
Rinaldo Petegrew,9.85,6.47,9.71,6.09,6.28,8.56,7.7,6.51,23,9,No,Yes,Male,Yes,Yes,No,No,No,150
Davida McKelvey,7.0,7.91,7.49,8.68,6.9,9.43,8.74,6.82,19,9,Yes,No,Female,Yes,Yes,Yes,No,Yes,129
Dyane Drinkhall,7.77,7.43,6.47,8.0,7.71,9.85,8.81,6.95,19,4,No,Yes,Male,No,Yes,Yes,No,Yes,147
Cherrita Surmeir,8.98,7.93,9.1,6.74,6.45,8.98,9.2,9.72,21,6,No,Yes,Female,Yes,Yes,Yes,Yes,No,157
Gelya Tine,7.32,9.38,7.18,6.84,8.25,9.82,7.48,8.49,11,0,Yes,No,Male,Yes,Yes,Yes,Yes,Yes,103
Chandler Baggs,8.05,9.61,8.37,9.56,7.03,7.98,8.42,8.51,24,1,No,No,Female,No,Yes,No,Yes,No,158
Berry Styche,8.14,9.58,8.1,9.59,8.13,6.74,7.8,7.15,13,4,No,No,Female,No,Yes,Yes,No,No,100
Guillemette Moquin,6.37,8.51,7.06,9.15,8.58,6.21,9.96,7.73,15,8,Yes,No,Female,No,No,Yes,No,Yes,180
Gisele Quaife,9.64,6.22,8.27,9.9,7.38,6.53,6.73,9.22,4,5,No,No,Female,Yes,No,No,No,No,147
Ronny Phipson,7.43,8.35,7.16,9.32,8.81,9.84,9.39,8.34,25,8,No,No,Male,No,No,Yes,Yes,No,110
Evelin Piesold,7.31,6.44,6.42,8.3,7.86,8.31,9.49,9.86,22,6,Yes,Yes,Female,No,No,Yes,No,Yes,134
Vilhelmina Tolefree,9.73,8.35,7.61,9.05,7.77,6.5,8.59,7.91,13,6,Yes,Yes,Male,Yes,No,Yes,No,Yes,160
Pierette Anscott,9.84,8.59,6.3,9.16,6.15,6.43,8.53,8.07,11,10,Yes,No,Male,Yes,Yes,Yes,Yes,No,153
Archy Davis,9.87,6.82,9.46,9.29,7.26,8.75,7.99,7.98,4,3,No,Yes,Female,Yes,No,Yes,Yes,Yes,117
Herbert Spata,7.97,7.42,8.91,8.13,9.14,6.72,9.42,9.46,24,2,Yes,No,Female,No,No,No,Yes,Yes,160
Lyndel Mabee,8.51,9.98,9.34,7.19,7.25,9.6,7.16,8.65,23,1,No,No,Female,No,Yes,Yes,No,Yes,99
Susan Whitmell,6.32,7.74,6.77,7.39,7.86,6.12,6.02,6.86,8,0,No,No,Male,No,Yes,No,No,No,161
Lilllie Wedgbrow,6.87,7.68,8.83,6.9,9.42,7.84,9.54,8.4,22,9,Yes,Yes,Female,Yes,No,Yes,No,Yes,80
Martica Mayhead,6.2,10.0,9.57,8.02,6.87,9.43,9.66,7.27,23,10,No,No,Male,No,No,Yes,No,No,133
Jock Spikins,9.08,7.28,9.33,8.58,6.7,7.5,7.96,9.79,25,8,Yes,No,Male,Yes,No,No,No,Yes,101
Stan Skinley,8.17,9.36,7.93,6.31,6.0,8.42,6.54,7.91,15,4,Yes,No,Male,No,No,No,Yes,No,120
Almeda Randerson,6.62,9.67,6.07,9.0,9.17,6.03,8.68,6.14,3,1,No,No,Male,No,Yes,Yes,Yes,No,162
Suzi Scroggins,9.06,7.25,8.36,6.82,9.95,7.53,7.79,9.26,16,1,No,No,Female,No,No,No,No,No,157
Enid Sawell,8.35,7.34,8.74,8.95,8.02,7.42,7.99,9.55,6,9,Yes,Yes,Male,No,No,No,No,Yes,139
Tybalt Cristoforo,6.73,6.94,7.25,9.39,6.47,7.34,8.97,7.28,11,9,Yes,No,Male,Yes,Yes,Yes,No,No,126
Cyndia Domleo,6.74,8.69,7.38,9.29,6.26,7.44,9.29,9.59,16,4,Yes,Yes,Male,No,No,No,No,Yes,99
Jaquith Aarons,8.19,8.98,6.83,9.8,9.92,7.31,9.84,9.19,12,10,No,Yes,Female,Yes,Yes,No,Yes,Yes,95
Blayne Kilian,8.04,7.54,9.67,6.53,8.0,6.78,7.26,6.01,8,1,No,Yes,Male,Yes,No,Yes,No,Yes,170
Mahmud Imorts,9.13,8.79,7.48,6.85,8.77,8.51,9.9,6.58,13,9,Yes,No,Female,No,No,Yes,No,Yes,176
Prinz Sudell,8.78,6.07,7.02,7.01,9.85,9.57,8.66,9.07,19,7,No,No,Male,Yes,Yes,Yes,Yes,Yes,91
Connie Tooting,6.97,7.69,9.37,6.43,7.14,8.75,7.78,8.44,18,0,No,Yes,Female,Yes,No,No,No,Yes,116
Nicolina O'Lochan,8.83,9.48,6.96,8.64,9.66,9.63,7.99,9.6,14,1,Yes,Yes,Male,Yes,Yes,Yes,Yes,No,147
Toby Pettersen,8.08,6.05,6.74,7.6,8.62,6.8,7.72,8.55,20,10,No,Yes,Male,Yes,No,No,No,No,96
Bobbee Desaur,8.75,8.15,8.46,8.9,9.91,6.04,6.78,8.04,23,10,No,Yes,Male,Yes,No,No,No,No,167
Gillan Picheford,6.05,9.23,9.78,6.77,9.98,6.2,6.81,9.17,4,5,No,Yes,Male,Yes,Yes,Yes,Yes,No,116
Emanuel Bontein,8.68,7.95,7.11,9.57,8.82,7.89,8.57,8.81,9,2,Yes,No,Female,No,No,Yes,Yes,No,83
Aurelea McTeague,6.02,9.06,9.61,6.77,9.42,8.57,8.54,8.54,6,8,Yes,No,Male,No,No,Yes,Yes,No,150
Feliza Wiz,7.62,9.07,6.67,9.7,7.81,9.24,6.38,8.4,6,6,Yes,Yes,Female,Yes,Yes,No,Yes,Yes,135
Waldo Sawood,9.5,6.68,8.26,7.18,7.27,9.72,9.87,6.81,5,3,No,No,Female,No,No,Yes,No,No,145
Rochell Cosgrive,9.12,8.83,9.91,6.19,9.9,8.87,8.52,7.73,18,10,Yes,No,Female,Yes,Yes,Yes,No,No,102
Electra Furzey,9.21,8.2,7.37,7.16,9.74,9.34,9.24,7.69,4,5,No,Yes,Male,Yes,No,No,Yes,No,126
Gladi Work,7.84,6.67,9.94,6.17,8.41,7.55,6.97,6.73,11,6,Yes,Yes,Female,Yes,No,No,No,Yes,110
Trumaine Cankett,9.07,8.66,7.55,9.46,6.26,7.4,7.19,7.99,17,5,No,Yes,Female,Yes,Yes,Yes,No,No,146
Dallas Ladloe,7.88,7.05,9.13,7.21,6.38,8.44,7.94,9.54,9,9,Yes,No,Male,Yes,Yes,Yes,Yes,Yes,114
Christian Abramamovh,6.69,8.76,7.4,9.67,7.3,8.25,7.8,9.91,13,0,No,Yes,Female,Yes,No,No,No,Yes,114
Elna Aubrun,8.71,9.59,9.55,6.31,7.96,7.27,9.36,6.05,5,3,Yes,No,Male,No,No,No,Yes,No,86
Lise Syrad,8.41,7.36,8.72,6.26,6.85,9.64,6.44,9.85,3,6,No,No,Male,No,Yes,No,Yes,Yes,118
Carlene Larret,8.67,6.56,6.31,7.73,6.35,7.28,9.79,8.96,23,7,Yes,No,Male,Yes,No,No,No,Yes,180
Valencia Mansford,6.77,6.34,8.9,7.55,8.98,8.37,8.07,6.48,3,0,Yes,Yes,Male,Yes,No,No,No,No,152
Deck Fraczak,8.27,9.56,7.02,9.12,7.75,9.69,9.28,7.94,21,3,Yes,Yes,Male,No,No,Yes,No,No,85
Jessee Sorrel,9.01,7.18,7.17,7.63,7.11,9.15,6.62,8.32,7,8,Yes,No,Female,No,Yes,Yes,Yes,No,159
Katey Auten,8.78,6.26,9.38,8.93,7.85,8.41,6.13,8.6,14,1,Yes,No,Male,Yes,No,Yes,Yes,No,144
Gannon Skitterel,7.96,9.28,8.38,8.33,7.98,7.28,7.94,7.54,18,3,No,No,Female,No,No,No,No,Yes,164
Daren Marchello,9.83,9.74,6.09,8.56,8.93,8.94,7.38,9.14,21,3,Yes,No,Male,No,No,No,Yes,No,162
Tildi Toothill,7.09,6.06,9.6,9.95,9.76,9.75,7.55,7.47,3,1,No,No,Male,No,No,Yes,No,Yes,90
Margareta Shacklady,8.11,7.24,8.55,7.93,9.02,9.9,7.89,9.06,2,9,No,No,Female,Yes,No,Yes,No,No,164
Phillipp Comelini,8.33,8.49,6.26,8.76,8.51,9.95,8.04,6.68,14,8,No,Yes,Female,No,Yes,Yes,No,No,157
Jessee Toyne,9.52,8.24,7.27,8.99,9.55,6.12,7.54,9.19,5,4,No,Yes,Male,No,Yes,No,Yes,Yes,129
Helaine Saddler,6.45,6.78,7.18,7.59,7.72,9.31,9.39,8.16,11,10,No,Yes,Male,No,No,Yes,No,Yes,176
Rufus Hukins,9.86,6.68,9.18,9.73,7.74,7.8,9.52,9.75,15,4,Yes,No,Male,No,No,No,Yes,Yes,83
Timi Ellsbury,7.65,6.04,6.52,8.27,8.0,6.28,8.93,7.61,9,7,Yes,Yes,Female,Yes,No,Yes,No,No,80
Fabian Korneev,9.7,6.33,6.06,7.33,6.28,9.42,9.71,6.62,19,7,Yes,No,Female,Yes,Yes,No,Yes,No,129
Ximenes Colebeck,7.52,8.85,6.56,8.04,7.17,7.37,6.74,6.11,20,10,No,No,Female,No,Yes,No,No,Yes,95
Georgeanna Konrad,9.65,9.35,6.42,7.48,6.64,7.89,9.35,8.62,9,6,No,Yes,Female,No,No,Yes,No,No,125
Morna Gerardot,8.15,9.38,9.47,6.15,8.71,8.24,7.52,9.17,4,4,Yes,Yes,Male,Yes,Yes,Yes,No,Yes,113
D'arcy Murrish,8.23,7.58,6.77,9.55,8.83,9.69,9.85,9.47,19,1,Yes,No,Male,Yes,No,Yes,Yes,No,83
Aubrette Verbrugghen,8.73,9.07,8.6,7.28,9.13,7.74,6.22,6.3,3,6,No,Yes,Male,No,No,Yes,No,Yes,143
Maryanna Ertel,7.84,7.71,6.17,6.06,7.7,7.3,9.74,6.04,24,9,Yes,Yes,Male,Yes,No,Yes,Yes,No,85
Dredi Hollibone,8.59,7.52,8.49,7.34,6.27,9.49,6.8,9.27,15,5,No,Yes,Female,Yes,No,Yes,Yes,No,102
Clim Carmo,8.25,8.36,7.98,9.14,7.88,8.65,8.49,7.04,12,9,No,No,Male,No,No,No,No,Yes,121
Estele Dumphries,7.31,6.13,6.13,9.6,7.26,9.31,9.38,6.73,10,0,Yes,No,Male,Yes,No,No,No,No,128
Bail Skittrell,9.76,9.89,9.7,6.32,8.97,6.18,6.93,8.18,10,4,Yes,Yes,Male,No,Yes,No,Yes,No,115
Oliy Vaulkhard,6.47,6.8,8.16,8.32,7.9,9.05,7.63,9.19,16,10,No,No,Male,No,Yes,No,Yes,No,107
Vasili Eliez,9.7,7.68,8.15,8.94,6.37,9.98,7.62,8.35,4,1,Yes,Yes,Male,No,Yes,Yes,No,Yes,142
Shari Witcombe,8.96,9.68,7.12,7.2,6.69,9.46,9.74,6.03,4,10,Yes,Yes,Female,No,No,No,Yes,No,120
Datha Vegas,6.49,8.05,8.42,7.58,9.85,7.98,7.13,6.51,7,3,Yes,No,Female,No,Yes,No,Yes,Yes,172
Dolley Musselwhite,9.25,7.16,6.07,7.14,9.3,9.37,8.0,8.01,18,7,No,Yes,Female,Yes,No,No,No,No,109
Josee Ruffle,7.78,9.2,6.2,6.69,9.96,8.71,9.94,8.32,4,5,Yes,No,Female,No,Yes,No,Yes,No,118
Farra Nottle,8.94,8.09,9.52,8.68,6.81,6.19,7.34,6.26,7,6,Yes,No,Male,Yes,Yes,No,Yes,Yes,97
Courtnay Bruhnsen,8.11,6.3,7.34,9.61,7.87,7.05,6.18,8.86,14,4,Yes,No,Male,No,Yes,Yes,No,Yes,153
Heida Petofi,8.4,6.7,9.85,7.03,6.99,7.97,7.72,8.38,22,8,Yes,Yes,Male,Yes,No,No,No,Yes,114
Livvy Lloyd-Williams,9.79,9.95,8.82,8.26,8.82,9.88,7.26,8.02,11,10,No,No,Male,No,No,Yes,Yes,Yes,109
Rosamond Balazs,6.9,9.43,9.17,9.34,7.65,7.95,9.0,6.28,19,6,Yes,No,Male,No,Yes,No,Yes,Yes,104
Roddie Levay,7.71,6.34,7.46,7.76,8.68,6.7,6.56,8.27,24,10,Yes,No,Female,Yes,Yes,Yes,No,No,120
Win Tranckle,9.04,6.8,7.19,9.38,9.77,8.16,7.78,8.62,19,0,No,No,Male,No,Yes,No,Yes,No,147
Brennen Steed,7.24,6.22,8.35,8.37,8.0,6.54,9.21,9.58,2,2,Yes,No,Male,No,No,No,Yes,Yes,135
Sissie Perrygo,9.71,9.9,6.64,9.84,7.39,6.89,8.46,6.17,4,0,No,No,Female,No,No,Yes,Yes,Yes,116
Gaultiero Lacer,7.63,8.65,6.99,7.75,6.18,8.8,8.09,8.27,24,0,No,No,Male,No,Yes,No,Yes,No,113
Peggi Curzey,8.12,6.4,9.47,9.69,7.79,7.06,9.01,6.59,12,7,No,No,Female,Yes,Yes,No,Yes,Yes,154
Dex Probbing,6.05,9.76,7.48,9.82,7.74,8.05,9.43,8.64,10,0,No,No,Male,Yes,No,Yes,Yes,Yes,82
Guendolen Ort,9.28,9.15,9.49,6.2,7.01,9.64,9.67,6.45,18,9,Yes,No,Female,Yes,No,Yes,Yes,No,164
Lin Sawart,6.49,8.97,8.39,6.49,6.5,6.82,7.34,6.66,9,7,Yes,No,Male,Yes,Yes,No,Yes,No,178
Margarethe Ivashinnikov,8.17,8.71,8.92,8.42,6.61,6.68,9.79,9.52,4,5,Yes,Yes,Male,No,No,Yes,No,Yes,158
Nerita Boot,6.54,9.36,8.29,6.79,7.7,8.75,9.66,6.03,14,9,Yes,Yes,Male,No,No,Yes,No,No,100
Donavon Sutherel,7.55,8.87,9.5,9.66,7.74,8.57,7.25,6.27,25,3,Yes,No,Male,Yes,No,Yes,Yes,No,125
Goober Estrella,7.46,6.89,7.47,6.12,6.75,6.84,8.8,7.32,13,2,No,No,Female,No,No,Yes,Yes,No,170
Vally Debnam,6.88,9.96,8.78,7.52,6.43,7.15,6.73,7.34,17,7,Yes,Yes,Male,Yes,Yes,No,Yes,Yes,150
Mac Jerram,9.14,9.73,8.09,6.2,6.91,7.1,8.92,9.05,6,8,Yes,No,Male,No,No,Yes,Yes,Yes,94
Elane Torbeck,6.95,6.92,9.01,9.72,7.91,9.89,7.14,7.58,5,1,Yes,Yes,Male,No,Yes,Yes,No,Yes,99
Jerome Alps,9.63,7.0,8.22,9.35,6.35,8.99,7.4,7.82,19,7,No,No,Female,Yes,No,Yes,No,No,117
Keely MacLaughlin,8.63,8.03,9.45,8.04,9.89,7.64,9.22,7.27,24,8,Yes,No,Female,Yes,Yes,No,Yes,No,127
Hildagard Stone,6.48,7.54,9.33,7.45,7.05,9.89,8.9,7.51,8,4,No,No,Female,Yes,No,Yes,Yes,No,92
Hallie Ivashintsov,6.45,6.02,9.18,9.39,9.02,9.88,9.25,6.26,21,7,No,Yes,Male,Yes,No,Yes,Yes,No,95
Shay Georgeot,9.39,6.13,9.27,7.78,6.8,8.73,6.89,9.94,8,2,No,No,Female,Yes,Yes,No,No,No,108
Eduard Giacomucci,7.17,8.87,7.47,7.81,8.75,8.22,9.66,6.8,10,4,Yes,Yes,Female,No,Yes,Yes,No,No,167
Innis Kassidy,6.87,7.37,8.77,9.16,8.97,8.65,9.72,7.79,19,8,No,No,Female,No,No,No,No,No,152
Libbi Thow,8.61,7.59,9.77,8.86,9.99,6.1,8.38,7.28,9,10,No,No,Female,No,Yes,No,Yes,No,163
Berenice Collomosse,7.73,6.62,9.02,6.87,6.96,7.89,6.39,9.31,15,7,Yes,Yes,Female,Yes,No,Yes,No,No,128
Eldon Smerdon,6.8,6.9,7.76,9.03,7.64,6.24,7.74,6.89,17,10,No,No,Male,No,No,Yes,No,Yes,80
Carri Blemen,8.57,7.69,7.28,9.29,8.12,7.73,9.39,6.32,24,1,Yes,No,Female,Yes,Yes,No,No,No,155
Cyndia Topping,6.64,9.26,7.53,6.89,9.99,8.22,8.66,6.45,2,7,No,Yes,Female,Yes,No,No,No,No,139
Milzie Lomas,6.44,8.15,9.38,7.99,6.5,6.28,8.56,8.47,13,2,No,Yes,Female,Yes,Yes,No,Yes,Yes,160
Debera Huxstep,6.11,6.75,8.43,6.25,6.75,7.07,9.63,7.65,20,10,No,No,Female,Yes,Yes,Yes,No,Yes,81
Burton Ponting,7.7,9.55,6.33,9.04,6.12,8.13,8.17,6.66,9,6,No,No,Male,No,No,No,No,Yes,129
Myles Gilbride,9.08,9.62,7.27,6.91,8.17,7.58,6.51,8.62,23,8,No,Yes,Male,No,No,No,No,Yes,153
Morry Siddon,7.22,8.15,7.09,6.97,6.12,9.38,6.26,7.03,20,9,Yes,No,Female,Yes,Yes,No,Yes,No,128
Bibbie MacBean,9.07,6.01,9.18,6.95,7.04,8.58,6.69,6.54,9,2,No,Yes,Female,No,No,No,No,No,125
Phillipp Bello,8.35,9.22,8.28,9.96,6.55,9.92,9.3,7.67,9,2,No,Yes,Female,Yes,Yes,Yes,No,No,150
Gibbie Wetherhead,7.51,7.71,7.21,9.51,8.42,6.55,6.19,6.99,22,6,No,Yes,Female,Yes,Yes,Yes,Yes,Yes,147
Issie Beentjes,8.38,6.28,7.95,9.66,9.71,9.6,6.02,8.88,7,2,Yes,No,Male,Yes,Yes,No,Yes,No,127
Granny Clare,6.27,7.22,9.24,9.97,6.05,6.75,8.64,6.16,17,4,No,No,Female,No,Yes,Yes,No,Yes,152
Towney Gilbane,8.09,9.68,9.56,6.48,8.77,8.47,8.82,9.13,9,7,No,Yes,Male,Yes,No,Yes,No,No,119
Karilynn Margach,6.05,8.61,8.87,7.33,9.82,6.41,7.17,7.49,24,9,Yes,Yes,Male,Yes,No,No,Yes,No,130
Florri Meadowcraft,6.59,6.34,7.99,7.34,6.38,7.57,8.12,9.71,5,7,Yes,No,Female,No,No,No,No,Yes,162
Sarine Callacher,8.61,6.64,7.6,8.01,7.58,8.83,8.93,7.57,25,7,Yes,No,Male,Yes,Yes,Yes,No,No,120
Jermaine Laidel,7.86,6.92,7.2,7.07,9.83,7.6,7.63,8.99,20,8,No,Yes,Female,Yes,Yes,Yes,No,No,142
Osgood Sharper,7.03,8.57,6.87,8.27,7.13,7.42,6.61,9.33,4,7,Yes,No,Female,Yes,Yes,No,No,No,125
Lurette Sparshutt,6.62,9.62,6.81,9.59,8.74,9.73,6.98,9.05,13,5,Yes,No,Male,No,Yes,No,Yes,Yes,162
Clementina Klaes,6.57,7.03,9.89,9.85,9.56,8.27,9.94,6.3,24,2,Yes,Yes,Female,No,No,No,Yes,No,138
Leola Pegler,7.99,7.81,8.2,8.57,7.43,7.46,7.22,7.53,14,7,No,Yes,Male,Yes,Yes,Yes,No,Yes,115
Kendre Kelledy,7.28,7.9,7.38,7.82,7.77,6.98,7.77,9.58,20,3,Yes,No,Female,Yes,No,No,Yes,No,165
Billy Lydster,6.66,8.03,8.9,6.75,9.85,9.46,7.24,7.49,23,8,No,Yes,Male,Yes,No,No,Yes,Yes,81
Mariam Setterthwait,6.57,8.41,9.48,9.99,9.49,6.35,8.46,7.61,2,5,No,No,Female,Yes,No,No,Yes,No,165
Cyrill Pedder,7.3,9.61,9.67,8.61,6.96,9.0,7.54,6.61,20,4,No,No,Male,Yes,Yes,No,No,No,109
Horst McKevin,8.79,8.06,7.3,7.34,8.94,8.85,7.1,8.48,14,5,No,No,Male,No,No,No,Yes,Yes,109
Drucie Lisciandri,8.82,6.4,9.25,8.35,9.95,9.1,8.35,6.31,6,8,Yes,No,Female,Yes,No,Yes,No,No,146
Eula Espino,8.44,7.6,6.63,8.83,6.86,8.93,9.35,9.97,7,8,Yes,No,Female,No,Yes,No,No,Yes,94
Meara Lorrie,8.34,9.18,8.72,9.8,7.28,7.15,9.39,8.62,3,1,Yes,Yes,Male,Yes,No,No,No,No,179
Trudi Sidebotton,9.56,9.45,8.66,9.23,8.27,7.41,9.1,9.58,23,10,Yes,Yes,Male,Yes,No,No,No,No,163
Lorin Houseman,7.54,7.78,6.06,6.1,8.29,7.38,6.41,7.13,10,9,No,Yes,Female,Yes,Yes,No,Yes,No,161
Royal Mollett,7.84,8.84,6.78,9.18,7.23,8.91,7.3,6.78,14,0,No,No,Female,No,No,No,Yes,No,152
Marjorie Paling,8.4,7.66,6.23,7.91,6.6,8.04,6.71,8.91,12,5,No,No,Female,Yes,Yes,No,No,No,115
Renae Alasdair,7.37,9.49,6.31,8.81,7.47,6.51,7.86,6.35,20,0,Yes,Yes,Female,Yes,No,Yes,Yes,Yes,164
Carolyn Mellonby,8.74,8.25,8.88,7.41,9.19,9.32,7.83,6.66,12,3,Yes,Yes,Male,Yes,Yes,Yes,Yes,Yes,82
Grissel Coots,6.56,7.8,8.53,8.54,9.36,6.4,6.83,8.37,22,2,No,Yes,Female,Yes,No,Yes,Yes,No,135
Guendolen Archer,6.79,8.12,7.37,6.49,9.68,8.3,6.23,8.54,24,0,No,Yes,Male,No,No,Yes,No,Yes,150
Georgetta Mccaull,6.69,6.93,8.21,8.23,6.19,6.05,7.47,8.36,12,10,Yes,No,Female,Yes,No,No,No,No,97
Elane Crosswaite,9.48,7.71,6.56,7.88,9.58,8.47,6.52,9.76,12,10,Yes,No,Female,Yes,No,No,Yes,Yes,177
Giralda Rylands,9.17,9.92,7.52,9.05,7.03,9.62,9.55,6.55,25,5,No,Yes,Male,No,Yes,Yes,No,No,154
Olenka Pallesen,6.82,8.84,7.04,6.81,7.02,7.22,8.88,8.98,7,9,Yes,No,Male,Yes,Yes,No,No,No,142
Whitby Paffot,6.29,6.64,8.04,9.95,6.31,9.79,8.02,8.73,5,5,No,Yes,Female,Yes,No,Yes,Yes,Yes,109
Lucienne Kobpa,7.02,7.08,8.92,8.31,6.42,6.76,9.11,9.71,16,5,No,Yes,Male,Yes,Yes,Yes,Yes,No,126
Dru Wyld,9.18,7.61,9.24,6.1,7.4,7.35,9.07,6.03,24,6,No,No,Male,No,No,No,Yes,No,144
Mariam Tabbernor,8.09,6.06,8.17,7.31,8.48,9.68,8.08,8.08,19,9,Yes,No,Female,Yes,Yes,No,Yes,Yes,88
Lydie Milliken,9.84,8.18,7.19,9.9,8.21,8.82,6.66,6.11,4,7,No,No,Male,No,Yes,No,No,Yes,134
Laurette McCullough,6.57,8.85,9.53,6.96,7.68,7.5,6.15,9.45,6,3,No,Yes,Male,No,Yes,Yes,Yes,No,109
Jennica Gyurkovics,6.77,9.38,6.97,7.36,8.56,9.86,9.12,8.57,6,9,No,Yes,Female,No,No,Yes,Yes,Yes,167
Natasha Ragless,8.5,7.69,9.49,7.91,6.82,6.72,6.7,9.2,6,1,Yes,No,Female,Yes,No,No,No,Yes,131
Myrwyn Hark,6.87,8.11,8.22,6.92,9.69,7.34,9.17,8.76,23,4,No,Yes,Female,Yes,No,No,No,No,84
Michelina Ayrs,6.81,7.48,8.08,9.65,8.41,8.4,9.36,8.31,25,10,Yes,Yes,Female,Yes,Yes,Yes,Yes,No,92
Ulla Lamp,7.79,9.98,8.48,6.38,9.15,9.98,6.1,7.11,11,5,No,Yes,Male,Yes,Yes,Yes,Yes,No,165
Sterling Mowbray,6.29,9.27,6.76,6.19,6.0,9.63,6.18,8.47,4,3,No,No,Female,No,No,No,Yes,No,120
Stewart Crafter,9.11,8.72,6.15,7.42,9.78,9.46,7.15,8.69,8,9,Yes,No,Female,No,No,Yes,Yes,No,100
Nelly Otridge,8.97,6.3,7.82,7.77,6.65,8.95,8.59,8.75,7,2,No,Yes,Male,Yes,No,No,No,Yes,100
Roobbie Duckering,6.83,6.98,8.14,9.3,6.67,9.4,6.49,7.71,20,6,No,No,Female,No,Yes,No,Yes,Yes,124
Emelyne Lavis,9.86,6.02,8.02,9.09,6.22,7.73,8.06,7.38,20,10,Yes,No,Female,No,Yes,Yes,Yes,Yes,154
Helge Trollope,8.12,7.83,8.22,7.45,7.05,9.08,8.83,6.15,7,4,No,Yes,Female,Yes,No,No,Yes,No,153
Dennison Tipping,9.58,8.86,9.54,9.96,9.73,7.34,8.22,6.96,21,5,No,Yes,Female,Yes,No,No,Yes,No,114
Randene Lashbrook,8.78,7.8,8.1,6.14,7.01,6.11,7.41,7.33,13,9,Yes,No,Male,No,Yes,Yes,Yes,Yes,82
Chadd Sewter,7.47,6.56,7.15,9.64,9.97,7.52,9.97,7.8,6,10,No,Yes,Male,Yes,No,No,Yes,No,160
Mirabel Brimfield,6.64,9.36,9.84,7.84,8.81,9.93,8.59,8.96,23,6,No,No,Male,No,No,No,No,No,157
Susy Alabone,9.6,6.51,6.31,7.93,9.12,6.31,9.85,9.68,20,0,No,No,Male,No,No,Yes,No,Yes,180
Pembroke Gorke,8.08,9.63,6.47,7.2,8.65,9.46,8.5,6.21,14,1,No,No,Male,No,No,No,Yes,Yes,116
Bernie Romaint,9.29,9.64,9.88,8.73,8.78,7.94,6.16,8.74,22,1,Yes,No,Female,No,Yes,Yes,No,No,95
Appolonia Rothchild,8.27,9.08,9.44,6.21,8.91,6.17,6.25,8.05,5,3,Yes,No,Female,No,No,No,No,No,142
Rafe Franzini,9.67,6.04,7.44,6.8,7.59,9.96,8.88,9.25,10,1,No,Yes,Male,No,Yes,No,Yes,Yes,166
Andras Dumbleton,9.59,9.35,6.11,9.44,8.01,6.29,6.35,7.03,9,10,No,No,Female,Yes,No,No,No,Yes,180
Myrna Steketee,9.75,8.56,7.62,8.36,8.95,7.92,6.87,6.59,3,0,Yes,No,Male,No,No,No,No,Yes,154
Davin Pindred,8.84,8.62,6.61,8.85,9.97,7.12,7.61,7.09,6,8,Yes,No,Female,No,Yes,Yes,Yes,Yes,134
Drusy Deathridge,6.91,9.68,7.75,8.75,9.66,9.22,7.29,7.31,4,6,No,Yes,Male,Yes,Yes,No,No,Yes,175
Sofie Seamark,8.84,6.38,7.77,6.54,9.58,7.16,6.02,8.18,16,0,Yes,Yes,Male,Yes,Yes,No,Yes,Yes,96
Janie Dyble,8.61,9.15,7.36,6.95,9.23,9.31,9.22,6.22,11,5,No,Yes,Female,No,Yes,Yes,Yes,No,156
Melvin Windibank,9.31,9.89,7.7,6.68,9.75,9.8,8.42,7.64,5,5,Yes,No,Female,No,Yes,No,No,No,92
Wilden Duckering,6.81,9.08,8.48,7.52,6.4,8.25,6.26,6.15,24,10,Yes,Yes,Male,Yes,No,No,Yes,Yes,180
Aguie Cossem,8.94,6.31,7.1,8.64,9.49,7.09,9.14,7.75,10,5,Yes,Yes,Male,Yes,Yes,Yes,No,No,94
Alva Duplan,8.75,9.64,6.21,7.57,9.18,6.43,7.99,6.05,21,3,Yes,Yes,Female,No,No,Yes,No,Yes,102
Leupold McGaugey,7.23,7.25,9.64,8.16,7.96,8.52,7.26,7.36,17,3,No,No,Male,Yes,Yes,Yes,Yes,Yes,124
Donetta Stegell,7.34,8.79,7.81,8.39,9.61,6.61,7.89,7.72,22,3,No,No,Male,No,Yes,No,Yes,No,88
Carlyle Corkitt,7.48,7.76,7.12,10.0,7.89,8.25,9.0,6.89,10,4,Yes,Yes,Male,No,No,No,No,No,177
Arline Hoggan,8.69,7.3,6.43,9.11,9.95,9.03,7.48,8.5,21,10,No,Yes,Male,No,Yes,Yes,No,Yes,157
Iorgo Dineges,9.44,7.68,7.3,7.1,9.32,6.81,8.21,6.2,11,8,No,Yes,Female,Yes,Yes,Yes,No,No,141
Dill McIleen,9.02,7.47,6.6,6.31,7.56,9.78,7.23,8.36,5,1,No,Yes,Female,Yes,No,No,Yes,Yes,135
Giffy Genner,8.96,7.74,8.48,7.14,7.87,6.99,6.72,9.71,21,0,Yes,No,Male,No,No,No,No,No,99
Marv Harman,6.64,7.8,9.57,6.88,8.25,7.3,6.62,7.41,14,1,Yes,Yes,Female,Yes,Yes,Yes,No,Yes,97
Tiphanie Sidsaff,9.31,8.13,8.95,9.79,7.38,6.62,7.97,6.16,9,9,Yes,Yes,Female,No,No,No,Yes,No,114
Mort Hesbrook,6.55,7.08,6.18,8.22,7.78,6.4,9.06,6.79,21,2,No,No,Female,Yes,Yes,Yes,Yes,Yes,146
Karissa Rigge,9.51,7.78,9.06,8.1,8.09,6.64,7.1,6.1,20,3,No,Yes,Male,Yes,No,No,Yes,No,104
Wayland Swede,6.74,6.05,8.45,6.66,7.83,8.21,6.4,7.7,4,10,No,No,Male,Yes,No,No,No,No,154
Dulsea Brigstock,6.03,8.76,7.92,6.15,9.62,9.88,6.32,6.74,22,6,Yes,Yes,Female,No,Yes,No,No,Yes,104
Kaine Tofts,8.2,8.05,7.17,6.75,6.36,8.47,8.93,7.33,2,10,No,Yes,Male,No,Yes,No,No,Yes,175
Loralee Moir,6.68,7.69,7.13,9.82,9.29,6.7,6.6,8.29,18,9,Yes,Yes,Female,No,No,No,Yes,No,114
Nev Jorck,6.31,7.41,9.48,7.15,8.71,9.78,8.01,9.54,5,5,Yes,Yes,Male,Yes,Yes,No,No,No,105
Xenia Gallatly,6.5,6.31,9.6,9.13,9.79,9.14,6.32,7.28,5,5,No,No,Female,Yes,No,Yes,No,No,84
Gale Biss,8.71,9.24,8.37,9.04,6.36,8.2,6.83,9.5,20,4,No,Yes,Female,No,No,No,Yes,No,153
Sophronia Castrillo,9.23,6.53,6.64,9.67,6.44,7.1,7.62,8.84,11,5,No,Yes,Female,Yes,No,Yes,No,Yes,97
Susannah Frankiss,6.9,9.22,8.84,8.49,6.3,6.94,6.02,7.61,21,6,Yes,No,Male,No,Yes,Yes,No,No,118
Kean Winteringham,6.39,9.26,9.26,8.85,8.29,9.27,8.02,8.68,7,4,No,No,Female,No,Yes,No,No,No,131
Ivory Gallemore,7.37,7.5,7.42,8.19,6.19,9.86,9.93,9.9,11,0,Yes,No,Male,No,Yes,No,No,No,83
Glenda Stobo,8.04,6.2,8.8,6.32,7.43,8.14,9.99,6.0,21,0,Yes,Yes,Male,No,Yes,No,No,No,146
Ole Decroix,6.69,6.26,9.06,7.51,6.35,7.52,7.91,8.8,3,2,Yes,Yes,Female,Yes,Yes,No,Yes,No,129
Marje Robker,9.32,8.21,8.95,6.29,6.27,9.28,9.92,8.63,24,2,No,Yes,Male,Yes,No,Yes,No,No,92
Sidonnie Duckerin,6.56,9.49,8.21,6.12,8.84,8.47,6.15,8.94,16,4,Yes,Yes,Female,Yes,No,Yes,No,No,82
Robby Beese,6.17,6.7,6.0,9.15,7.78,7.15,7.71,9.07,23,0,Yes,Yes,Female,Yes,Yes,Yes,Yes,No,177
Chandra Bythway,8.98,8.52,7.41,8.38,8.59,6.63,6.19,9.8,22,1,Yes,No,Female,Yes,Yes,No,No,No,175
Nicole Lambdean,7.27,8.77,6.16,6.84,6.1,8.57,6.48,6.71,25,5,No,No,Female,Yes,Yes,No,Yes,No,104
Jessi Fones,9.18,7.04,9.67,9.26,6.57,9.25,6.82,6.22,11,6,Yes,No,Female,No,Yes,Yes,Yes,No,155
Hurley Westby,6.35,9.62,8.92,8.36,8.06,7.88,9.29,9.69,19,6,No,No,Male,Yes,No,Yes,No,No,85
Nana Scarfe,6.25,7.85,8.34,9.74,6.71,7.62,8.25,8.61,12,3,Yes,No,Male,Yes,No,Yes,Yes,No,134
Jobey Kerrich,7.7,6.03,6.6,7.19,8.05,8.97,8.68,8.91,21,0,Yes,No,Female,Yes,Yes,Yes,Yes,No,145
Kamila Easman,7.99,7.52,7.13,9.29,6.72,6.17,9.28,8.36,13,0,Yes,Yes,Female,No,Yes,No,Yes,Yes,139
Roland Duddridge,9.02,9.24,7.66,9.51,9.45,9.76,9.28,8.66,18,8,No,No,Female,No,Yes,No,Yes,Yes,115
Betti Damsell,6.17,9.02,6.9,7.47,9.59,7.65,6.43,7.23,9,5,No,Yes,Female,No,No,No,No,No,81
Alexia Ranfield,9.26,9.84,8.44,9.47,6.09,6.95,6.89,8.17,3,8,Yes,No,Female,Yes,Yes,No,Yes,Yes,178
Stefan Halsey,6.22,9.66,9.62,8.06,7.08,8.26,9.91,9.21,10,9,No,Yes,Male,Yes,No,Yes,Yes,Yes,147
Bear Advani,9.08,6.26,6.51,7.86,8.6,7.97,7.25,8.9,13,4,Yes,No,Male,Yes,Yes,Yes,No,No,85
Evita Tapenden,7.72,7.79,6.91,6.1,6.81,7.66,6.7,6.34,12,9,No,No,Female,No,No,No,Yes,No,114
Roselle Barnby,9.76,7.23,6.08,9.38,6.39,7.58,6.2,9.89,17,10,Yes,Yes,Male,Yes,Yes,No,No,Yes,134
Fidelia Arnholdt,7.3,6.98,8.78,7.88,7.81,6.93,9.55,8.07,13,7,No,No,Female,Yes,Yes,Yes,No,Yes,126
Cleavland Neilus,8.87,7.52,6.62,7.37,8.28,8.28,8.45,7.54,13,5,No,No,Female,No,No,Yes,Yes,Yes,155
Saundra Prinett,9.37,7.92,6.59,7.32,6.35,6.87,6.28,7.54,4,1,Yes,Yes,Female,Yes,Yes,No,Yes,No,137
Dorene Howkins,6.74,7.18,8.43,7.66,9.42,7.97,6.21,7.44,25,9,Yes,Yes,Male,No,No,No,Yes,Yes,106
Tildy Priditt,8.06,7.77,9.15,8.98,6.14,7.66,7.75,6.23,14,10,No,Yes,Female,No,Yes,Yes,Yes,No,94
Claresta De Dantesie,8.54,6.35,8.2,8.86,6.35,9.97,9.08,9.19,25,10,No,Yes,Female,No,Yes,Yes,No,No,89
Adah Slaney,8.85,8.8,7.65,9.79,9.57,8.43,8.78,9.54,24,5,No,No,Male,Yes,No,No,Yes,No,170
Winne Schops,8.01,6.13,7.0,7.12,6.9,6.25,9.1,7.38,13,8,Yes,Yes,Male,No,No,No,No,Yes,116
Seward Cowderoy,9.95,6.71,6.17,6.37,9.44,8.32,9.15,8.62,16,5,Yes,No,Female,Yes,Yes,No,Yes,No,89
Jasmine Cobden,9.25,9.17,8.45,9.54,6.07,9.58,7.53,7.47,18,4,No,No,Male,Yes,No,Yes,No,Yes,106
Cathryn Searl,7.82,7.84,7.46,7.23,8.92,6.18,6.53,7.22,17,4,No,No,Female,No,No,No,No,Yes,125
Gerda Howerd,7.78,7.04,8.5,6.03,7.1,7.25,8.43,6.84,12,3,No,No,Female,No,Yes,No,No,No,123
Jacki Toffoletto,6.8,7.29,7.2,8.46,6.04,7.52,6.79,8.35,5,6,No,No,Male,No,Yes,No,Yes,Yes,177
Kelsey Pretorius,8.03,9.01,9.6,7.63,9.32,6.92,7.37,6.66,16,9,No,Yes,Female,No,No,Yes,No,No,86
Kip Swait,6.36,9.17,9.04,7.01,9.19,9.83,9.85,8.47,5,9,No,Yes,Male,No,Yes,Yes,No,No,97
Dukey Domoney,6.01,8.18,9.5,6.87,7.96,6.47,8.05,8.33,23,3,Yes,Yes,Female,Yes,Yes,No,No,Yes,81
Tiff Gracewood,7.08,7.78,8.93,7.46,8.0,6.58,8.67,7.91,3,2,No,Yes,Female,Yes,Yes,Yes,No,Yes,86
Bobbi Balchen,9.55,7.7,6.17,9.34,9.43,7.11,9.64,7.48,14,7,Yes,Yes,Male,No,No,Yes,Yes,Yes,81
Alfons Mowling,8.57,6.13,8.55,9.3,8.17,8.9,8.6,6.38,12,4,No,Yes,Female,No,No,Yes,Yes,No,113
Jed Mushawe,7.45,9.65,8.99,7.35,7.07,9.57,9.81,9.7,23,2,No,No,Female,Yes,Yes,Yes,Yes,Yes,131
Cahra Cardoo,6.58,9.51,8.48,9.56,7.66,9.64,7.43,7.12,4,8,No,No,Male,Yes,No,No,Yes,No,110
Hyacinthie Duck,9.56,6.05,6.29,8.11,9.99,8.6,6.67,6.28,18,3,Yes,No,Female,Yes,No,No,Yes,Yes,113
Eddie Bausmann,8.19,7.48,6.46,9.69,6.1,8.46,6.86,9.87,12,1,No,Yes,Male,No,No,No,No,Yes,178
Melisent Platts,7.11,6.34,6.26,6.43,8.38,8.21,9.36,9.06,16,4,Yes,No,Male,Yes,No,No,No,Yes,180
Marlie Huffey,9.91,8.82,9.67,9.8,9.97,8.41,8.66,9.18,6,7,Yes,Yes,Female,No,Yes,No,No,No,103
Shaun Fipp,8.31,6.66,7.5,7.13,6.85,6.53,6.76,9.02,7,9,Yes,No,Male,Yes,Yes,No,Yes,Yes,128
Pavel Jouhandeau,9.48,6.11,6.72,6.5,8.6,9.44,9.52,7.25,9,6,Yes,Yes,Female,No,No,Yes,Yes,Yes,119
Rabi Ash,9.34,7.23,8.2,7.74,8.13,8.1,8.03,8.66,23,2,Yes,No,Female,No,Yes,No,Yes,No,180
Derek Wherrett,6.01,6.41,7.59,9.89,6.64,6.69,9.28,6.42,9,2,Yes,No,Female,No,No,Yes,No,No,143
Idaline Ricciardo,6.18,6.7,6.89,7.15,7.87,7.55,7.28,7.47,8,3,No,No,Female,No,No,Yes,Yes,Yes,95
Aubine Wilder,7.34,9.77,8.26,6.51,6.98,7.59,7.52,6.35,13,1,Yes,Yes,Female,No,Yes,No,Yes,Yes,168
Lona Gambie,6.37,6.08,7.71,6.7,6.39,6.91,8.24,8.21,14,3,No,Yes,Male,Yes,Yes,Yes,Yes,No,146
Boonie Rowan,8.94,7.43,6.47,9.57,8.46,7.32,7.76,8.72,14,7,No,No,Female,No,Yes,Yes,No,Yes,177
Cecil Mityashin,9.25,8.68,9.62,6.89,8.92,7.89,9.06,8.67,20,7,Yes,Yes,Male,No,No,No,Yes,No,82
Ranice Rowswell,8.16,6.46,6.66,6.13,7.94,8.29,8.84,7.86,6,3,No,No,Male,Yes,No,Yes,No,No,100
Pryce Franzolini,7.7,9.06,9.99,7.82,9.36,9.52,7.95,7.64,25,8,Yes,Yes,Male,Yes,Yes,No,No,No,130
Blanch Woolner,7.15,6.9,9.97,8.91,6.34,9.98,9.86,8.95,23,3,Yes,No,Male,No,No,No,Yes,Yes,170
Hazel Petworth,9.97,6.43,8.86,7.45,8.82,7.3,8.41,6.86,21,10,No,Yes,Male,No,No,Yes,No,No,157
Jeremy Melloy,6.7,8.93,6.24,9.48,9.2,6.35,6.69,7.9,13,3,No,Yes,Female,Yes,No,Yes,Yes,No,161
Laina Tolliday,9.71,7.85,9.94,9.21,7.18,6.5,9.39,9.72,15,8,No,Yes,Female,No,Yes,Yes,No,No,90
Marthe Escoffier,9.29,6.5,8.91,6.63,7.69,9.99,8.17,9.92,15,3,No,No,Male,No,Yes,Yes,Yes,No,85
Patrizia Pfaffel,7.25,7.62,6.36,8.36,6.04,8.71,6.56,6.25,11,7,No,Yes,Male,No,Yes,No,Yes,No,83
Almira Greatorex,6.56,9.76,8.53,8.84,8.98,7.4,6.22,6.57,24,10,Yes,Yes,Male,No,No,No,Yes,Yes,158
Hieronymus Wilmot,7.24,8.35,8.17,7.31,6.3,6.98,8.94,6.45,14,7,Yes,No,Female,No,No,No,Yes,Yes,114
Meghann Levane,9.31,9.85,6.85,8.76,7.35,9.13,8.67,9.4,17,7,No,No,Male,No,No,Yes,Yes,Yes,107
Lydia Raithmill,8.18,9.31,7.12,6.9,8.36,6.92,8.82,8.02,17,8,Yes,Yes,Male,Yes,No,No,Yes,Yes,84
Malorie Abdee,6.73,9.71,8.62,7.6,7.39,9.86,7.2,7.52,3,3,No,No,Female,Yes,Yes,Yes,Yes,Yes,134
Sunny Knightly,6.31,6.35,8.2,6.64,6.67,6.08,9.8,9.1,13,10,No,Yes,Female,No,No,Yes,Yes,No,106
Prentice Clemenceau,8.81,9.99,9.6,7.25,8.18,6.79,8.5,9.38,2,6,Yes,Yes,Male,No,Yes,Yes,Yes,Yes,125
Calla Jurewicz,9.07,6.29,6.64,6.56,9.76,6.3,8.37,7.71,2,5,Yes,No,Female,No,No,Yes,No,No,176
Andree Davydochkin,8.59,9.61,6.52,9.36,7.93,7.12,9.65,8.84,8,2,No,No,Male,No,Yes,No,No,No,93
Dewitt Cordero,6.83,7.48,6.32,9.75,7.0,9.81,7.63,6.7,20,10,Yes,No,Male,No,No,Yes,No,Yes,85
Jacynth Murgatroyd,7.58,8.7,9.49,7.64,9.5,8.95,6.24,6.33,7,10,No,No,Male,Yes,Yes,Yes,No,Yes,96
Maximilien Dietmar,8.6,6.32,7.55,9.94,7.02,8.86,8.16,6.03,2,9,Yes,No,Male,Yes,No,No,No,No,161
Franklin Ilsley,8.67,9.57,6.79,7.45,9.29,9.92,9.82,8.84,13,3,No,No,Male,Yes,No,Yes,No,Yes,82
Sophronia Overton,8.53,6.85,6.44,6.82,6.77,8.56,6.86,7.05,3,6,Yes,Yes,Female,No,No,No,No,Yes,95
Olive Kaveney,9.44,6.58,7.46,9.7,9.19,6.9,7.29,7.66,25,3,Yes,No,Male,No,No,No,No,Yes,131
Stacey Kattenhorn,9.86,6.35,7.6,9.67,7.27,8.75,8.88,6.03,13,0,Yes,Yes,Female,Yes,No,No,Yes,Yes,82
Ella Branca,9.33,7.26,7.05,6.47,6.8,8.74,9.55,6.83,23,10,Yes,No,Male,Yes,Yes,No,Yes,No,172
Shelden Battista,9.07,9.39,9.39,7.66,8.82,9.1,7.88,9.66,7,5,No,No,Female,Yes,Yes,No,No,Yes,178
Matelda Bergstram,8.52,9.5,7.09,6.26,6.04,9.7,6.55,7.53,14,0,No,No,Male,Yes,Yes,No,Yes,Yes,108
Leonardo Drewry,7.95,8.53,7.22,6.26,7.78,7.36,9.3,6.92,3,5,No,No,Male,No,No,No,No,No,177
Bibbye Ley,9.54,6.41,6.12,7.62,6.03,8.62,9.62,6.98,19,9,No,No,Male,Yes,No,No,Yes,Yes,132
Fayina De Michele,9.33,8.5,7.2,8.56,8.06,8.57,9.68,6.39,12,5,Yes,Yes,Male,No,Yes,No,Yes,No,116
Sinclair McNirlan,7.6,6.4,9.25,8.56,8.56,6.74,9.0,6.35,23,9,Yes,Yes,Female,Yes,Yes,Yes,Yes,No,157
Antonius Jeaffreson,8.35,7.07,8.83,7.81,9.01,8.67,6.28,7.3,8,6,No,No,Female,Yes,Yes,Yes,Yes,Yes,140
Jasmin Durrans,9.86,6.74,8.93,6.02,7.93,7.91,9.14,8.25,12,5,Yes,Yes,Male,Yes,Yes,No,Yes,Yes,91
Beulah Peegrem,6.28,9.81,8.4,7.53,8.63,8.65,8.81,6.48,20,9,No,Yes,Male,No,Yes,No,No,No,84
Robyn Rushbrook,6.1,8.58,6.05,8.83,9.07,7.11,9.62,6.01,9,7,No,Yes,Male,No,Yes,No,Yes,Yes,166
Rickie Scouler,9.55,7.67,6.74,7.66,7.19,7.1,8.45,9.6,21,4,Yes,Yes,Female,No,Yes,Yes,No,Yes,132
Ludvig Birts,7.04,6.56,6.25,8.75,8.41,8.94,9.32,9.04,24,8,No,Yes,Male,No,No,No,Yes,No,180
Georgena Troop,8.21,7.92,8.48,9.17,6.73,10.0,6.62,6.07,15,10,No,No,Female,No,Yes,Yes,Yes,No,81
Robinet Frensch,8.03,9.89,9.74,7.46,7.25,6.06,8.32,9.88,13,10,No,No,Female,Yes,Yes,No,No,Yes,161
Sheelah Grissett,9.87,9.53,7.39,9.76,9.66,6.15,6.25,9.46,19,10,No,Yes,Male,Yes,Yes,No,Yes,No,176
Verene Laverty,7.15,7.25,8.93,7.59,9.35,8.9,8.72,7.62,21,0,Yes,No,Male,No,No,Yes,Yes,Yes,127
Auroora Loynes,7.98,6.98,9.23,9.51,8.36,8.53,9.94,9.3,16,9,Yes,No,Male,Yes,No,No,No,No,112
Letta Flecknoe,9.92,6.51,6.51,8.39,6.55,7.16,9.63,6.88,15,6,Yes,No,Female,No,No,Yes,Yes,No,109
Aguie Barracks,7.43,9.53,8.6,9.22,9.4,7.98,7.47,7.58,2,4,Yes,No,Female,No,No,No,Yes,Yes,176
Hermie Boddie,8.61,9.88,7.24,9.48,8.61,6.82,8.08,6.76,14,8,No,No,Female,Yes,Yes,No,Yes,No,130
Conn Licciardello,9.51,9.34,9.04,8.1,8.5,7.95,9.69,9.03,7,2,Yes,Yes,Female,No,Yes,Yes,Yes,Yes,151
Shawnee Atkirk,9.51,8.63,6.8,6.57,7.69,7.0,9.7,8.83,21,0,Yes,No,Male,Yes,Yes,No,No,No,158
Selinda Rothschild,7.1,7.1,8.12,9.07,9.38,8.23,9.29,6.97,14,4,Yes,Yes,Female,No,Yes,No,No,No,99
Davina Salazar,6.53,6.53,8.43,6.31,6.01,9.72,9.82,9.87,14,4,Yes,Yes,Female,No,No,Yes,No,Yes,112
Valaree Ohms,7.47,7.27,8.69,9.57,7.25,9.06,7.37,8.5,22,5,No,Yes,Female,Yes,Yes,No,No,No,151
Licha Jaxon,9.62,6.75,8.28,6.71,7.18,7.08,6.11,8.55,8,3,Yes,Yes,Female,No,No,Yes,Yes,No,123
Cheston Pohling,8.38,6.07,9.35,7.19,6.62,7.23,9.42,9.83,10,0,No,No,Female,Yes,No,No,Yes,No,127
Vikky Borris,8.61,8.49,9.95,7.4,7.07,9.28,9.28,8.99,4,10,Yes,Yes,Male,No,Yes,No,Yes,Yes,180
Carolynn Ockenden,6.98,7.49,6.79,6.11,9.23,8.82,6.66,8.15,10,5,No,Yes,Male,No,No,Yes,Yes,Yes,95
Perri Theobald,9.93,8.31,9.16,7.2,7.49,9.9,7.54,7.33,18,6,Yes,No,Male,No,Yes,Yes,Yes,No,137
Stacee Kirkhouse,9.08,8.92,6.61,8.83,8.23,9.8,6.2,7.8,24,9,No,No,Male,No,No,Yes,Yes,Yes,162
Ulysses Colclough,7.14,8.21,6.96,9.46,9.07,8.34,9.69,8.03,3,6,No,No,Male,Yes,No,Yes,Yes,Yes,83
Danella Abendroth,6.3,9.43,7.35,7.74,8.96,9.64,9.77,6.26,18,8,Yes,Yes,Female,Yes,No,No,No,No,95
Gayle Yuill,8.62,9.4,8.24,8.5,8.99,7.44,8.49,7.68,5,1,Yes,Yes,Female,No,Yes,No,No,No,127
Hynda Ledgeway,9.88,9.02,9.18,6.16,8.58,6.04,7.45,7.57,19,10,No,Yes,Female,No,Yes,No,Yes,Yes,160
Howie Alvey,8.65,9.53,6.29,6.93,6.19,7.26,9.02,9.39,6,1,No,Yes,Male,Yes,Yes,No,Yes,No,179
Darwin Burnitt,9.62,9.27,9.26,7.43,7.41,6.96,6.3,7.87,2,9,Yes,Yes,Female,Yes,Yes,Yes,Yes,Yes,162
Hilliary Masson,9.96,6.54,9.08,8.0,6.25,7.94,9.08,6.21,23,6,Yes,Yes,Male,No,Yes,Yes,Yes,Yes,130
Cindelyn Murty,6.66,6.93,6.02,6.43,8.98,7.74,6.42,8.39,20,3,No,No,Male,No,Yes,Yes,Yes,Yes,124
Portie Jollie,7.41,9.4,6.71,9.67,9.95,7.28,8.19,8.43,22,8,Yes,No,Male,Yes,No,Yes,No,Yes,174
Shirleen Purkess,6.36,6.19,6.71,9.79,7.39,7.67,7.06,7.75,2,2,No,Yes,Male,Yes,No,No,Yes,No,89
Letty Rosiello,9.26,6.61,7.94,7.67,6.97,8.07,9.91,8.13,10,8,No,No,Female,No,No,Yes,Yes,Yes,84
Gan Fettiplace,6.06,9.95,6.19,8.53,9.17,7.29,6.96,6.4,24,10,No,Yes,Male,Yes,No,Yes,Yes,Yes,146
Marlo Souten,9.45,9.17,6.33,8.66,6.62,6.43,8.47,6.61,17,8,No,No,Female,Yes,No,Yes,Yes,Yes,115
Tawsha Casarili,6.31,9.28,8.62,6.88,9.76,6.64,9.58,8.27,24,7,No,No,Female,Yes,No,No,Yes,No,81
Ceciley Sulland,6.57,7.44,9.92,7.64,9.16,6.21,8.96,8.13,14,0,No,Yes,Female,Yes,Yes,Yes,No,Yes,160
Sampson D'Alessandro,7.45,7.6,8.38,8.7,6.36,9.83,9.72,7.35,20,0,Yes,No,Male,Yes,No,Yes,No,No,132
Byram Olden,6.4,9.47,9.75,7.77,9.65,6.35,9.13,9.81,18,2,No,No,Female,No,No,No,No,Yes,138
Tabatha Sherr,6.17,9.84,8.02,8.21,7.82,8.26,7.56,7.79,7,2,No,No,Male,No,Yes,Yes,No,No,154
Magdalen Killingbeck,6.21,9.05,9.04,6.81,7.52,6.62,6.01,8.57,3,7,No,No,Male,No,Yes,Yes,No,Yes,170
Edeline Ruscoe,9.09,6.95,8.57,8.18,6.95,6.86,6.77,8.64,14,8,Yes,No,Female,Yes,No,No,Yes,No,103
Dorelle Babbe,6.09,6.41,7.29,9.39,7.51,9.7,6.53,6.76,19,7,Yes,Yes,Male,No,No,Yes,Yes,No,100
Dermot Maciak,9.24,8.8,9.91,7.69,7.16,6.45,7.42,6.37,23,10,Yes,No,Female,No,Yes,No,No,Yes,150
Mirabella Cusworth,9.44,9.66,7.82,8.86,7.42,8.3,9.44,6.73,5,9,Yes,No,Male,Yes,No,No,No,Yes,142
Emlynne Witherspoon,6.91,9.93,8.09,7.69,8.87,6.76,7.57,9.24,14,6,No,No,Female,No,No,Yes,Yes,Yes,138
Eva Dorgon,6.45,8.6,8.96,6.99,6.1,9.96,6.54,7.89,3,9,Yes,No,Male,Yes,No,No,No,No,89
Imogene Schrinel,7.02,6.59,7.36,9.18,6.57,7.16,6.85,9.5,23,5,Yes,Yes,Female,Yes,No,Yes,No,No,109
Fanny Ghidelli,9.62,9.54,6.13,8.84,8.44,9.31,8.26,6.64,12,3,Yes,Yes,Male,Yes,No,Yes,No,Yes,178
Doralynne Coomes,6.62,6.67,6.23,7.27,8.32,9.98,9.56,6.95,3,2,No,No,Female,Yes,No,Yes,Yes,Yes,127
Nickie Sleightholm,8.54,9.1,7.76,9.47,9.46,6.56,9.16,6.58,24,6,No,No,Female,Yes,Yes,No,No,No,138
Cathrine Leiden,9.4,8.26,7.19,8.96,6.89,8.09,6.46,7.55,3,4,No,Yes,Female,No,No,No,Yes,Yes,158
Padget Gregoriou,9.75,7.11,8.63,7.2,9.96,6.69,6.03,6.38,17,3,No,No,Female,No,Yes,Yes,No,Yes,83
Jess Barbosa,9.67,6.36,6.38,6.06,9.51,8.86,9.36,7.93,21,0,Yes,Yes,Female,No,Yes,Yes,No,No,163
Esra Halpeine,6.88,6.09,7.26,9.06,8.38,8.25,8.7,9.65,11,4,Yes,Yes,Female,No,Yes,Yes,No,Yes,109
Cooper Jellicorse,8.73,8.19,9.07,7.18,8.99,6.2,9.07,9.17,12,9,Yes,Yes,Female,Yes,Yes,Yes,Yes,No,172
Jerri Welham,7.43,9.62,8.1,6.34,9.28,6.02,7.71,6.13,14,9,No,Yes,Male,Yes,No,No,No,No,180
Rube Mirfield,7.11,6.14,9.68,8.4,9.5,7.77,6.02,8.17,24,8,No,No,Male,Yes,Yes,No,Yes,No,112
Virgilio Reyna,8.62,8.34,6.75,9.26,8.41,9.35,8.98,6.52,24,1,Yes,Yes,Male,No,No,Yes,Yes,Yes,125
Cedric Syne,8.83,7.18,6.24,7.93,6.61,6.73,6.43,7.7,4,9,Yes,No,Male,Yes,No,No,No,Yes,168
Noak Godfery,9.53,8.72,9.39,6.86,7.02,7.45,9.48,6.86,24,4,Yes,No,Female,Yes,No,Yes,Yes,Yes,136
Sandie Cammoile,7.86,8.32,6.65,7.4,6.45,8.8,9.53,9.9,12,0,No,Yes,Male,Yes,Yes,No,No,No,121
Jacky Kobpa,9.15,9.94,6.12,9.34,7.15,8.26,8.4,6.72,16,8,Yes,No,Female,Yes,No,No,No,No,170
Luci Toyne,6.02,9.34,8.21,7.56,8.26,8.3,7.38,9.19,9,9,No,No,Female,No,No,No,Yes,Yes,147
Fernande Gillease,6.43,6.18,8.78,7.34,8.46,7.02,8.52,9.88,23,5,No,Yes,Female,No,No,No,Yes,Yes,171
Rivkah Blindt,6.08,6.13,9.94,9.87,7.33,7.69,9.99,6.05,13,5,Yes,No,Female,No,Yes,Yes,Yes,No,90
Laurie Chuter,6.46,8.23,8.48,8.0,7.31,9.98,6.19,9.59,3,2,No,Yes,Female,Yes,No,Yes,Yes,No,171
Philippe Sebastian,7.05,9.7,9.59,8.52,9.44,8.89,9.26,7.45,3,8,No,No,Male,Yes,No,Yes,Yes,Yes,152
Christan Willan,6.59,8.17,7.99,8.29,9.39,9.73,7.36,9.21,5,8,No,Yes,Female,Yes,Yes,Yes,Yes,Yes,143
Bertina Sheber,7.18,9.44,8.37,8.93,9.24,9.23,8.96,7.82,12,6,No,No,Male,No,No,No,No,Yes,124
Greg Lampkin,8.21,6.58,8.88,9.77,6.5,9.87,7.89,7.87,20,1,Yes,No,Male,No,Yes,Yes,No,No,110
Alfons Furniss,9.19,7.28,9.52,9.56,8.27,9.23,8.57,6.62,21,3,Yes,No,Male,No,Yes,Yes,Yes,Yes,155
Cristie Dunkirk,6.57,7.49,9.25,9.44,9.58,6.43,7.18,8.05,24,7,Yes,No,Male,No,No,No,Yes,Yes,151
Helyn Ackermann,7.1,8.18,6.79,7.72,6.18,9.13,9.31,9.89,7,6,Yes,No,Female,Yes,No,Yes,Yes,Yes,120
Andres Cicchillo,9.36,7.42,8.15,7.61,7.03,9.06,7.37,9.98,22,6,No,Yes,Female,Yes,Yes,Yes,No,Yes,142
Lillian Pepis,6.92,9.03,9.87,6.94,7.56,6.88,7.49,8.22,6,1,Yes,No,Male,Yes,No,No,No,No,170
Fairfax Zamorano,9.16,9.42,9.31,7.7,7.24,9.27,8.97,6.3,24,6,No,Yes,Male,Yes,No,No,Yes,No,112
Bevan Whorall,9.82,8.59,8.17,7.92,9.47,6.04,7.17,6.19,12,3,No,Yes,Male,No,No,No,No,Yes,113
Sidnee Bullant,6.32,7.9,6.23,6.44,8.08,8.73,8.36,7.4,5,10,Yes,Yes,Male,Yes,No,Yes,Yes,Yes,102
Gladi Hayward,7.37,6.45,9.45,9.97,8.37,6.98,8.84,8.98,14,0,No,No,Female,Yes,Yes,No,No,Yes,131
Jillane Sandhill,7.94,8.03,8.76,6.3,9.22,8.9,9.13,9.42,10,7,No,Yes,Female,No,Yes,Yes,No,No,115
Carly Spanswick,8.21,6.75,7.64,6.41,8.53,9.08,9.1,7.34,8,1,No,No,Female,No,No,No,No,No,165
Joey de Merida,7.05,9.42,8.56,8.91,9.14,7.2,7.14,9.97,15,8,No,Yes,Female,Yes,Yes,No,Yes,No,168
Antonius Gillibrand,7.72,9.93,9.06,6.62,9.04,6.47,9.37,7.82,19,1,No,Yes,Female,No,No,No,No,No,120
Alasteir Wharlton,9.3,9.01,8.96,7.89,6.49,8.81,7.3,7.88,9,5,Yes,No,Male,Yes,No,No,Yes,Yes,164
Darla Runciman,7.98,6.52,8.99,6.25,6.79,9.03,7.22,9.27,8,7,No,Yes,Male,No,No,No,No,No,94
Bridget Kleewein,9.95,9.43,7.38,7.82,6.82,7.05,7.36,9.71,17,7,No,No,Male,Yes,Yes,Yes,No,Yes,146
Rhett Clows,6.85,6.03,8.39,6.79,9.98,7.66,8.14,8.48,23,8,No,No,Female,No,No,No,Yes,Yes,160
Becca Tarquini,9.96,7.7,6.08,8.55,7.88,7.83,6.82,6.0,17,10,Yes,Yes,Male,No,Yes,Yes,Yes,Yes,105
Pammi Bezley,8.75,7.3,8.41,7.63,7.24,9.6,9.22,7.22,9,0,No,No,Female,No,No,No,Yes,No,150
Zackariah Blacklawe,9.01,9.46,6.26,7.01,7.99,9.21,7.7,9.47,15,0,Yes,Yes,Female,Yes,Yes,Yes,Yes,No,158
Maude Raffles,6.69,6.02,8.12,6.17,6.97,9.4,7.96,9.32,4,3,No,Yes,Male,Yes,No,No,No,Yes,146
Luci Devennie,7.38,9.46,9.31,9.17,9.41,6.2,7.11,6.94,5,4,Yes,No,Male,No,No,No,Yes,No,173
Kata Hiner,9.51,8.34,6.1,8.59,7.35,9.47,9.38,6.82,5,8,Yes,No,Male,No,Yes,Yes,No,No,103
Evelina Malter,7.53,8.01,8.3,9.54,6.16,8.67,8.47,7.34,3,0,Yes,Yes,Female,No,Yes,Yes,No,No,144
Orville McDowall,8.51,8.39,9.34,6.43,6.67,8.83,9.17,8.31,23,1,Yes,No,Female,No,Yes,Yes,Yes,No,157
Wandis Senchenko,7.93,7.85,9.91,8.84,9.65,9.46,9.53,7.21,6,5,No,Yes,Male,Yes,Yes,Yes,No,No,164
Boy Camosso,8.71,7.03,8.74,8.83,9.14,6.61,9.98,9.79,11,4,Yes,No,Male,No,Yes,No,No,No,123
Derby Malster,8.7,6.58,9.54,7.23,7.17,9.69,6.38,7.21,15,1,No,No,Female,Yes,Yes,Yes,Yes,Yes,135
Issiah Davidesco,8.4,7.24,8.24,7.21,9.91,7.97,9.83,7.69,13,1,No,No,Female,No,Yes,No,No,Yes,104
Lizzie Dunkerly,7.62,6.31,7.89,8.4,6.25,7.41,8.15,9.69,13,6,No,Yes,Female,Yes,No,No,No,No,158
Didi Lyard,9.65,9.03,7.48,8.29,8.0,9.5,7.67,7.1,3,3,Yes,Yes,Female,No,Yes,Yes,Yes,Yes,157
Philippa Bolden,7.0,7.76,9.28,7.13,8.38,7.75,9.98,6.76,4,0,Yes,Yes,Female,Yes,No,Yes,Yes,No,161
Elane Dellit,8.47,9.27,8.98,6.44,9.0,8.76,7.75,9.34,3,8,No,No,Male,Yes,No,Yes,No,No,81
Urbano Hawford,7.48,8.78,6.33,9.48,6.88,6.66,6.2,6.98,5,8,Yes,Yes,Male,No,No,No,No,No,170
Roland Kelson,6.66,8.16,7.71,7.36,8.66,7.17,7.21,9.73,6,2,Yes,No,Male,Yes,No,No,No,Yes,180
Adolphe Willcocks,6.77,8.69,8.29,8.59,6.32,9.29,6.64,8.31,12,10,No,Yes,Male,No,No,Yes,No,No,122
Merla MacGraith,9.21,7.59,7.88,8.01,9.33,7.77,7.54,6.66,24,2,No,No,Female,Yes,No,Yes,No,Yes,167
Jamison Attwill,6.72,9.9,8.48,9.47,8.36,7.97,7.06,6.88,16,2,No,No,Male,Yes,No,Yes,Yes,Yes,179
Everard Van Bruggen,8.78,6.84,7.92,9.37,9.69,8.21,9.89,7.4,8,0,No,Yes,Male,Yes,No,Yes,Yes,No,91
Kriste Greatbach,7.84,6.68,8.25,7.77,9.71,8.64,8.32,6.54,12,9,Yes,Yes,Male,No,Yes,Yes,No,No,137
Hetty Oulett,6.55,9.21,9.7,8.56,8.5,6.4,6.04,6.25,13,6,No,Yes,Female,Yes,No,No,No,No,155
Mirelle Lates,7.46,6.66,8.17,6.85,8.08,8.0,8.21,6.35,22,1,No,No,Female,Yes,No,Yes,Yes,No,91
Evita Curcher,8.04,9.88,7.96,7.5,6.78,6.15,9.4,9.77,8,7,Yes,No,Male,Yes,No,Yes,Yes,Yes,80
Nadean Oger,7.83,8.57,6.64,8.88,6.22,6.29,8.98,6.17,6,3,No,Yes,Male,Yes,Yes,Yes,No,No,125
Christiana Mabbe,7.22,8.41,7.92,9.51,7.29,8.07,6.52,7.15,9,1,No,Yes,Female,No,Yes,Yes,Yes,Yes,96
Brody Elliot,7.51,7.55,9.16,9.59,9.44,6.13,6.65,6.83,23,6,No,Yes,Male,No,No,Yes,No,No,180
Nevin Grimmolby,9.47,6.04,6.34,6.11,6.24,8.76,8.14,6.17,9,0,Yes,Yes,Female,No,Yes,No,No,Yes,101
Viv Elgey,6.29,6.51,8.13,8.27,8.2,7.54,6.38,9.25,14,7,Yes,Yes,Female,Yes,No,No,Yes,No,97
Britta Howroyd,7.71,7.93,6.59,9.34,8.76,7.35,9.42,9.45,7,1,Yes,No,Male,No,Yes,Yes,Yes,No,114
Matthieu Kettlewell,6.64,7.93,8.86,9.6,8.76,9.03,7.96,8.8,17,8,Yes,Yes,Male,No,Yes,Yes,Yes,No,131
Sheff Twaite,8.11,9.12,7.38,9.35,7.0,7.24,8.94,7.76,2,3,No,Yes,Female,No,No,No,No,Yes,88
Cami Logue,7.23,8.81,8.78,8.13,6.8,9.65,8.63,9.02,5,2,Yes,No,Male,Yes,No,Yes,Yes,Yes,152
Ina Fumagallo,7.3,6.87,8.96,8.74,8.72,8.35,6.29,7.69,8,8,No,Yes,Female,Yes,No,No,Yes,Yes,89
Shae Camier,6.76,7.23,8.56,6.15,9.85,7.89,9.0,7.72,17,7,No,Yes,Female,No,Yes,Yes,Yes,Yes,116
Jessy McFadin,7.74,9.93,8.55,7.64,8.26,9.19,8.0,9.31,3,3,Yes,Yes,Male,No,No,Yes,No,No,134
Wenonah Pimbley,9.14,6.74,6.05,6.99,8.45,9.54,8.47,8.78,16,8,Yes,No,Male,No,Yes,Yes,No,Yes,89
Duncan Greydon,7.49,8.58,8.59,6.55,8.6,7.76,8.76,6.87,17,9,Yes,No,Male,No,No,No,Yes,No,149
Leia Hunn,7.73,6.89,8.32,7.78,6.3,6.55,8.7,9.92,11,9,No,Yes,Male,No,No,Yes,No,No,152
Ody Bass,8.77,9.84,6.73,8.86,9.75,7.05,6.38,6.63,12,8,Yes,Yes,Female,No,Yes,No,No,No,99
Trista Yockley,6.36,9.47,9.24,8.04,6.27,7.94,8.72,9.8,2,10,Yes,No,Male,No,Yes,Yes,Yes,No,125
Joella Bendell,7.24,9.89,9.33,8.67,9.46,7.38,8.7,7.44,23,2,Yes,No,Female,No,Yes,No,No,Yes,106
Lorin Thurston,6.87,7.89,7.11,9.57,6.08,9.46,7.89,7.56,7,8,No,Yes,Male,Yes,Yes,Yes,No,No,175
Tabbitha De la Zenne,7.18,8.82,7.44,6.57,8.66,7.33,7.98,6.99,21,0,No,No,Female,No,No,Yes,No,No,125
Brice Ricoald,6.6,9.17,7.29,6.1,8.69,9.23,8.29,9.11,14,0,No,Yes,Male,Yes,Yes,No,Yes,No,137
Estelle Walworth,6.61,9.45,8.11,6.7,7.35,9.47,7.2,6.82,8,10,Yes,Yes,Male,Yes,Yes,No,Yes,Yes,84
Klemens Pellant,9.49,8.41,9.06,9.64,8.62,7.22,6.38,8.75,6,5,Yes,No,Female,No,No,Yes,No,No,180
Diane Nutten,8.82,6.15,7.84,7.66,6.13,7.39,6.31,8.99,18,3,Yes,Yes,Female,No,No,Yes,No,Yes,170
Chariot Dellenbrok,6.58,7.59,8.1,6.16,6.79,9.63,9.37,6.2,23,0,No,Yes,Female,Yes,No,No,No,Yes,93
Joleen Eastcourt,7.2,9.9,6.61,8.2,6.36,8.14,6.67,7.66,4,0,Yes,Yes,Male,No,No,No,Yes,Yes,106
Melba Stanley,9.86,7.73,7.9,6.15,7.82,6.88,7.9,7.63,5,5,Yes,No,Male,No,Yes,No,No,No,97
Myrilla Macklam,8.93,6.67,7.9,6.82,8.49,8.62,6.65,6.8,2,8,No,Yes,Male,Yes,Yes,Yes,Yes,No,170
Mellisa Cotes,8.43,7.32,8.41,7.89,7.01,8.11,6.21,7.46,25,7,Yes,Yes,Male,Yes,Yes,No,No,No,106
Mei Braikenridge,6.86,6.12,8.3,6.95,8.26,8.42,6.35,9.95,9,2,Yes,No,Female,Yes,Yes,Yes,Yes,No,159
Benedikta Chestney,9.57,9.02,7.08,8.89,8.43,7.79,8.05,6.44,16,7,No,Yes,Male,No,No,No,Yes,Yes,178
Maritsa Huffer,9.63,7.24,7.03,8.45,9.24,8.24,6.56,9.45,20,2,Yes,No,Male,No,No,Yes,Yes,No,130
Tate Purse,9.48,6.53,9.77,10.0,6.82,8.06,9.17,6.43,8,8,Yes,No,Female,No,No,Yes,Yes,No,132
Wolfgang Piel,7.56,8.47,8.53,8.21,9.23,6.92,7.64,6.15,24,10,No,Yes,Female,Yes,No,Yes,No,No,88
Vickie Canter,6.82,7.24,9.58,6.62,8.07,6.19,6.17,8.46,2,4,No,No,Male,No,Yes,No,No,Yes,174
Hugues Bapty,7.09,8.38,7.79,6.27,9.82,9.93,9.63,6.35,17,2,Yes,No,Female,Yes,Yes,Yes,No,Yes,155
Michelina McAless,6.08,8.08,8.59,9.65,6.82,8.85,7.36,6.92,9,0,No,No,Female,Yes,No,Yes,Yes,Yes,94
Madalena Kettridge,6.23,6.6,8.51,7.24,9.9,8.93,8.14,8.5,4,7,No,Yes,Male,No,No,Yes,Yes,Yes,109
Constancy Cheesworth,7.37,7.15,7.92,6.91,7.03,6.69,7.39,8.23,23,10,No,No,Male,Yes,No,No,No,Yes,131
Clarence Radbond,8.14,8.78,7.6,7.6,8.22,9.44,7.22,6.99,25,8,Yes,No,Male,Yes,Yes,Yes,Yes,No,122
Orly Philson,9.39,6.15,9.71,6.14,8.34,7.6,9.78,8.73,5,1,Yes,No,Female,Yes,No,Yes,Yes,Yes,157
Blaire Shelmerdine,6.59,8.61,7.16,6.16,8.01,9.43,6.67,7.31,5,10,No,Yes,Female,Yes,Yes,No,No,No,107
Yule Roiz,9.43,9.53,8.85,7.79,9.25,6.15,9.0,9.69,20,7,No,No,Male,No,Yes,No,Yes,Yes,162
Leanor Oliffe,9.99,7.81,6.75,7.35,9.98,8.72,9.94,8.53,24,9,Yes,Yes,Male,No,No,Yes,No,No,108
Felix Chasmer,6.66,9.3,7.76,6.69,8.67,8.31,8.33,9.73,4,0,Yes,Yes,Female,Yes,No,Yes,Yes,No,152
Britt Redferne,6.74,9.85,7.65,6.89,8.6,9.49,9.43,6.59,25,3,No,Yes,Female,Yes,No,Yes,No,No,120
Illa Hanny,8.97,7.12,6.61,6.21,9.95,9.55,7.58,8.44,7,0,Yes,Yes,Male,Yes,Yes,No,No,No,115
Teodoro Gyurkovics,9.87,8.97,7.11,6.05,8.56,8.7,6.52,6.7,19,8,Yes,No,Female,No,No,No,No,No,105
Delila Tilley,8.8,9.8,7.12,9.46,8.81,8.81,6.08,9.93,12,5,No,Yes,Male,No,Yes,No,No,No,130
Julius Worts,6.82,7.58,6.37,9.32,8.49,6.98,7.66,8.93,5,0,Yes,Yes,Male,Yes,No,Yes,Yes,No,142
Koressa Ewen,6.74,9.48,9.47,6.47,9.16,8.31,9.96,9.15,19,2,Yes,No,Female,Yes,Yes,Yes,No,No,162
Olvan Matteau,7.7,6.57,7.65,8.29,6.94,8.28,6.34,9.28,4,3,No,Yes,Male,No,Yes,Yes,No,Yes,111
Pasquale Perschke,7.16,9.22,9.07,8.17,9.88,9.6,6.49,9.16,9,0,Yes,Yes,Male,No,Yes,Yes,Yes,Yes,129
Felecia Bielfeld,6.99,9.66,8.92,6.92,7.69,8.48,7.13,7.28,16,3,No,No,Male,Yes,No,Yes,No,No,84
Darbee Whitehurst,7.61,9.52,6.69,10.0,6.42,8.44,8.31,9.98,18,3,Yes,No,Male,Yes,Yes,No,Yes,No,157
Manon Sellers,8.5,8.98,9.74,8.8,6.4,8.12,6.08,9.39,18,2,No,Yes,Male,No,Yes,No,No,Yes,150
Trev Sarsons,7.51,9.09,7.72,7.95,8.15,6.41,6.56,8.9,9,1,Yes,No,Male,No,No,Yes,No,Yes,95
Kania Carletto,9.37,7.22,7.79,6.35,7.45,6.84,8.25,6.72,25,4,Yes,No,Female,No,No,Yes,Yes,Yes,139
Ursa Mumberson,7.76,9.54,9.8,6.04,7.4,9.87,8.06,8.87,3,9,No,No,Female,Yes,No,No,No,No,139
Alena Gliddon,6.31,7.94,8.88,6.12,8.37,6.84,8.71,8.13,15,6,No,No,Male,No,No,No,Yes,No,145
Agathe Francais,7.57,6.72,6.54,7.43,6.97,9.34,9.98,9.71,15,6,No,No,Female,No,Yes,No,No,No,98
Marijn Exell,6.31,8.74,9.41,7.47,6.28,7.02,9.81,9.45,16,3,Yes,Yes,Female,No,No,Yes,No,Yes,166
Tami Elliman,7.38,6.89,8.25,8.51,9.71,7.12,9.63,9.7,23,9,No,No,Male,No,No,No,Yes,Yes,113
Oona Toffetto,7.62,7.38,7.3,9.85,8.97,9.46,7.11,7.68,20,1,Yes,No,Female,Yes,No,No,No,Yes,114
Cicily Calderon,7.18,6.69,7.72,7.52,7.36,6.75,7.15,8.23,18,2,Yes,No,Female,Yes,Yes,Yes,No,No,95
Debee Archbold,6.28,9.32,8.04,9.06,9.26,6.64,7.83,9.6,4,5,Yes,Yes,Female,No,No,No,No,No,146
Suzann McClancy,9.4,8.75,8.03,7.64,8.6,8.61,8.64,6.66,15,8,No,Yes,Female,No,Yes,Yes,Yes,Yes,106
Ring Mapples,9.43,8.17,8.59,9.72,7.14,9.59,6.98,9.56,15,0,Yes,Yes,Male,No,No,Yes,Yes,Yes,173
Cchaddie Pitone,9.38,7.67,7.16,9.25,7.48,7.51,9.64,8.9,10,3,Yes,No,Female,Yes,Yes,No,No,Yes,137
Mac Fabri,7.82,7.21,6.66,9.75,7.74,6.66,9.63,9.44,14,7,No,No,Male,No,Yes,Yes,Yes,Yes,131
Luelle Hovert,9.21,9.8,8.91,8.06,7.85,8.75,6.68,7.13,21,7,No,No,Female,No,Yes,No,No,No,105
Ethel Kerfut,6.15,7.5,7.7,9.12,7.86,9.02,9.3,9.6,13,5,No,No,Male,Yes,Yes,No,No,Yes,100
Delly Cato,7.02,7.45,8.81,6.06,9.65,7.42,8.51,8.23,10,0,Yes,No,Male,Yes,Yes,Yes,No,Yes,126
Netta Chilley,6.14,9.29,8.51,7.78,8.27,9.97,8.83,7.11,8,1,Yes,Yes,Female,Yes,Yes,Yes,Yes,No,172
Collette Winyard,8.54,9.71,7.88,8.15,7.36,6.41,9.31,9.64,21,5,No,No,Male,Yes,No,Yes,No,No,128
Frannie Mogg,8.41,6.62,7.0,6.02,8.58,7.34,6.73,7.71,10,2,Yes,Yes,Male,No,No,Yes,No,Yes,141
Brew Hannibal,7.42,8.18,9.22,6.02,7.34,9.0,6.86,9.11,18,8,Yes,No,Male,No,Yes,No,No,No,142
Dulce Robey,7.56,9.02,9.79,8.61,8.35,8.97,9.29,6.46,8,8,No,No,Male,No,Yes,Yes,No,No,121
Lewie Stringman,9.47,6.08,9.37,7.84,9.5,8.53,7.05,6.85,20,7,No,Yes,Female,No,Yes,No,Yes,No,92
Fallon Seven,8.85,7.2,8.09,9.66,9.18,6.69,7.82,8.14,2,1,Yes,No,Male,No,No,No,No,No,145
Imogene Eassom,8.06,7.03,9.16,9.53,8.12,9.27,6.81,8.58,23,10,Yes,Yes,Female,Yes,No,No,No,Yes,158
Min Whittle,6.69,9.55,8.25,7.28,8.15,6.33,6.14,7.98,14,10,No,Yes,Female,No,No,No,No,Yes,166
Mike Batter,6.95,6.22,8.77,9.45,8.39,6.3,8.52,8.11,5,7,Yes,No,Female,No,No,No,No,Yes,180
Loy Rawstron,9.27,6.76,8.32,7.15,8.9,8.13,6.85,8.4,22,1,No,No,Male,No,Yes,No,Yes,No,114
Yehudi Lyddyard,6.54,8.14,9.53,7.26,8.58,6.52,9.62,9.56,11,5,No,No,Female,No,No,No,No,Yes,130
Haley Dun,8.84,7.05,7.03,7.31,6.61,6.47,9.05,6.61,19,0,No,No,Female,Yes,No,No,Yes,No,137
Huntington Franzetti,8.18,6.49,8.04,9.0,7.25,6.73,6.52,7.66,22,4,No,Yes,Male,Yes,Yes,No,Yes,No,175
Chryste Wrightam,6.05,6.76,6.22,7.39,9.67,6.47,6.98,8.1,18,8,No,No,Female,No,Yes,No,No,No,84
Appolonia Gillivrie,7.27,8.74,9.18,9.77,9.93,9.27,8.95,7.42,5,3,Yes,No,Male,Yes,No,No,No,Yes,174
Levi Duetschens,7.85,9.23,7.88,8.72,8.64,9.68,8.89,9.0,21,5,No,Yes,Male,No,Yes,No,No,Yes,155
Irving Lamers,9.18,7.34,8.31,7.99,8.45,9.14,9.2,9.86,23,0,Yes,No,Male,No,No,Yes,Yes,No,126
Sammie Croce,6.05,6.56,9.11,9.2,6.06,9.9,7.58,9.04,21,8,No,Yes,Male,No,No,No,Yes,Yes,160
Hastings Wheaton,8.34,7.0,8.91,8.67,9.9,6.29,7.63,6.08,7,5,Yes,No,Male,Yes,Yes,No,No,No,103
Devy Kaas,6.66,9.57,8.83,7.26,6.28,6.5,7.58,9.5,23,0,Yes,Yes,Female,No,No,No,Yes,Yes,103
Darrell Took,9.6,8.49,7.44,6.88,8.35,9.13,8.01,7.45,18,6,No,No,Male,No,No,No,No,Yes,89
Moises Fouracre,7.03,8.38,9.3,7.99,6.24,8.79,8.62,7.2,25,3,No,No,Male,No,Yes,No,Yes,Yes,110
Tabbie Chiverstone,8.7,8.28,6.04,9.26,9.5,7.21,7.56,6.92,18,7,Yes,Yes,Male,Yes,No,Yes,No,No,117
Othello Corradino,9.6,6.25,8.66,7.05,6.11,9.18,9.88,9.63,11,8,Yes,No,Female,Yes,No,Yes,No,No,101
Peggie Grendon,6.45,9.56,9.31,8.43,6.36,9.3,6.49,8.92,4,0,No,No,Female,No,No,Yes,No,Yes,110
Farica Dunkerly,6.21,9.66,6.49,6.59,7.97,7.56,9.61,7.96,12,7,No,No,Female,Yes,No,No,Yes,Yes,106
Cedric Sheehan,7.64,9.1,8.28,9.47,9.03,8.3,8.99,6.91,15,5,No,Yes,Female,No,No,Yes,No,No,176
Brandie Ketton,8.79,7.3,6.32,8.93,9.77,9.38,8.03,7.01,8,8,No,No,Male,No,Yes,Yes,Yes,Yes,84
Samantha Gundry,9.18,9.93,6.93,7.05,7.13,6.66,7.13,6.13,25,1,No,Yes,Female,Yes,Yes,No,Yes,No,165
Angelica Discombe,8.54,9.54,8.91,7.22,6.36,7.91,6.44,9.42,7,8,No,No,Female,No,No,Yes,Yes,Yes,118
Susannah Yepiskopov,8.79,6.9,6.31,9.74,7.37,6.44,6.59,7.86,23,7,No,Yes,Male,No,No,No,Yes,Yes,126
Felice Vlies,9.82,6.25,9.78,8.02,7.88,7.47,7.95,7.01,9,10,No,Yes,Female,Yes,Yes,Yes,Yes,No,161
Maddy Alben,6.23,9.12,9.64,6.82,7.38,6.52,8.43,7.42,3,1,Yes,Yes,Male,No,Yes,No,No,No,155
Carlina Couve,8.78,8.63,9.83,7.43,9.04,6.52,6.01,6.85,4,2,No,Yes,Female,Yes,No,Yes,No,No,142
Gillian Gauthorpp,8.41,7.95,7.83,7.76,8.67,7.25,6.73,7.92,20,10,No,Yes,Female,Yes,Yes,Yes,No,Yes,180
Valentijn Boldt,8.72,9.91,7.12,9.27,9.36,6.09,9.16,9.22,8,5,No,No,Male,Yes,No,No,Yes,No,80
Christina Aberchirder,8.09,6.9,6.28,6.8,9.51,6.84,6.1,9.6,19,8,No,Yes,Male,No,No,Yes,Yes,No,120
Diana Thick,9.71,6.91,9.08,6.9,8.35,6.89,8.71,9.01,4,1,Yes,Yes,Male,No,Yes,Yes,No,Yes,109
Reiko Herche,7.07,9.38,6.05,8.17,8.96,8.34,8.8,7.12,22,7,No,No,Male,Yes,Yes,No,No,No,153
Abraham Steinhammer,6.79,9.53,6.32,6.5,7.05,7.23,9.09,9.47,5,4,No,Yes,Female,Yes,Yes,No,No,Yes,122
Isaak Groneway,7.43,6.09,9.31,7.79,8.48,8.31,9.05,7.9,18,6,Yes,Yes,Female,Yes,Yes,No,Yes,No,164
Ferdy Tabourin,7.44,7.84,9.65,6.61,8.36,6.79,7.79,7.4,16,5,No,No,Female,Yes,No,No,No,No,180
Shayna Shapera,7.84,6.54,8.15,8.59,6.79,8.68,9.38,6.74,8,8,Yes,Yes,Male,No,No,Yes,Yes,No,164
Whitney Dand,8.11,6.36,7.77,7.19,7.42,9.33,6.34,7.08,15,0,Yes,Yes,Male,Yes,Yes,Yes,No,No,114
Fielding Hinzer,8.29,8.05,7.48,8.53,9.07,9.4,7.92,7.86,20,8,Yes,Yes,Female,No,Yes,No,Yes,No,121
Nadean Davion,7.7,8.42,9.37,7.43,6.72,8.04,6.06,7.47,6,3,Yes,Yes,Female,No,No,No,Yes,Yes,108
Rudolf Rolfini,7.62,6.03,6.4,8.9,8.65,7.58,6.0,9.6,18,1,No,Yes,Male,No,No,Yes,No,No,154
Phyllida Gillivrie,7.43,7.14,6.14,8.53,9.05,9.63,7.84,6.07,6,4,No,No,Male,No,Yes,Yes,No,No,111
Niven Scollan,9.14,7.59,7.97,7.81,7.49,7.08,8.3,7.6,13,1,No,Yes,Female,No,Yes,No,No,No,87
Marjy Kleynermans,9.89,7.82,8.5,7.26,7.09,6.75,9.23,7.03,10,1,No,Yes,Female,Yes,No,Yes,Yes,Yes,171
Sacha Brimble,6.07,7.13,7.73,8.2,7.85,8.39,6.99,7.92,2,4,No,Yes,Male,No,No,Yes,No,No,82
Allina Amyes,7.24,7.16,9.42,7.56,6.76,6.63,9.36,8.01,2,5,No,No,Male,No,No,No,No,No,120
Kevon Mouse,9.59,8.16,9.45,7.51,6.48,8.95,9.61,9.97,7,8,No,Yes,Male,Yes,Yes,No,Yes,No,171
Edi Shireff,9.88,8.91,8.42,9.04,7.64,6.37,9.25,9.04,6,9,No,Yes,Female,No,No,No,No,Yes,85
Reena Goodspeed,7.13,6.94,8.25,9.47,7.49,6.92,8.93,9.12,20,10,Yes,Yes,Female,No,Yes,No,Yes,No,99
Liane Verey,8.87,8.37,6.69,8.26,7.8,9.9,9.37,8.25,18,9,No,No,Male,No,Yes,No,No,Yes,159
Lyndsay Whear,7.89,6.81,8.92,9.41,7.72,8.52,9.09,9.26,11,0,Yes,No,Male,Yes,Yes,No,Yes,Yes,89
Laurence Ramsbottom,9.06,6.1,9.99,7.55,6.28,9.72,7.96,9.19,19,7,No,Yes,Female,Yes,No,No,No,Yes,87
Christina Btham,9.53,8.36,7.32,8.25,6.49,9.92,9.9,9.65,6,1,No,No,Female,Yes,No,No,Yes,Yes,153
Garvin Durrell,8.71,7.1,6.6,8.7,9.84,8.02,9.92,7.39,2,5,No,No,Male,No,No,No,No,Yes,166
Shannen Tabrett,6.35,8.06,7.65,8.66,9.31,9.02,7.53,6.72,6,1,Yes,No,Female,No,No,Yes,No,No,170
Virgil Feria,7.75,8.65,8.51,8.24,7.24,9.2,6.74,8.1,25,5,Yes,No,Female,Yes,No,Yes,No,Yes,165
Adolpho Durno,9.38,9.52,9.73,7.97,8.96,6.74,6.64,8.55,7,8,No,Yes,Female,Yes,No,No,No,No,131
Karlee Bonson,6.19,7.94,6.66,9.65,8.98,9.27,8.97,7.36,10,1,No,No,Male,No,Yes,Yes,No,Yes,138
Dollie Thripp,7.7,9.46,7.95,9.37,9.62,7.78,8.54,7.68,7,1,Yes,No,Male,No,No,Yes,No,No,107
Ben Peasnone,8.76,6.85,9.55,6.84,6.76,9.59,7.73,7.74,9,1,Yes,No,Male,No,Yes,No,No,No,155
Belva Smallpeice,6.85,7.05,7.99,7.33,6.93,9.43,8.01,6.6,14,0,Yes,No,Female,Yes,No,No,Yes,Yes,158
Davey Triner,6.09,7.69,7.03,9.17,9.5,6.05,9.85,6.04,22,5,No,Yes,Female,No,No,No,Yes,Yes,164
Nevins Dibley,8.47,6.52,6.03,9.63,7.62,6.09,9.82,6.47,14,1,Yes,No,Female,No,No,No,Yes,Yes,82
Jodi Lindborg,8.16,6.99,8.75,7.02,6.13,7.46,7.49,7.88,7,2,No,Yes,Female,Yes,No,Yes,Yes,Yes,82
Imojean Bourbon,8.15,9.48,8.88,6.05,9.94,9.55,8.26,6.75,19,2,No,No,Female,No,No,No,No,No,105
Carita Heinke,8.12,6.41,8.71,6.79,7.99,7.58,6.06,7.11,24,4,No,No,Male,Yes,Yes,Yes,No,Yes,123
Tabbi Alwell,9.3,8.4,6.1,7.5,7.73,6.19,6.81,7.32,24,7,No,No,Male,No,Yes,No,Yes,Yes,106
Jenny Dowdeswell,9.14,9.06,7.0,6.65,7.61,8.76,8.66,7.61,5,2,Yes,Yes,Male,Yes,Yes,Yes,No,No,105
Hubey Soppett,9.29,8.44,6.9,6.2,8.13,6.17,9.86,9.82,16,9,No,Yes,Female,Yes,No,No,No,Yes,91
Dinnie Elcum,6.76,9.06,7.77,6.81,8.77,7.07,9.14,8.25,5,10,No,Yes,Female,Yes,No,No,No,No,114
Harrietta Bourtoumieux,6.83,8.13,6.91,8.61,9.55,8.12,6.06,9.99,18,8,No,No,Female,Yes,Yes,Yes,No,Yes,178
Missie Panchen,6.5,8.54,9.56,8.6,9.45,8.52,6.55,8.57,9,10,Yes,Yes,Male,Yes,No,No,No,No,114
Corny Twopenny,9.46,9.97,6.88,8.18,6.91,7.3,9.18,7.26,7,10,Yes,Yes,Male,Yes,No,Yes,Yes,Yes,83
Rhianna Bilofsky,6.09,7.49,6.97,6.6,7.14,8.43,8.31,6.7,22,9,Yes,No,Female,Yes,Yes,Yes,Yes,Yes,88
Raff Brideaux,7.93,7.25,8.14,9.93,6.3,7.95,7.38,7.45,10,7,No,No,Male,Yes,No,No,Yes,No,144
Jourdain Yitzhakov,9.79,7.8,8.67,9.84,9.15,6.66,7.47,8.43,18,8,No,No,Female,Yes,Yes,Yes,No,No,169
Doll Huttley,6.78,7.8,7.83,7.28,6.49,6.32,8.22,8.38,10,4,Yes,No,Female,No,Yes,No,Yes,No,161
Bryna Dashkovich,9.18,9.84,8.26,6.13,6.16,9.24,8.13,9.58,2,7,No,No,Male,Yes,No,No,No,Yes,122
Jasun Mangeot,9.76,8.28,7.52,6.15,9.46,9.61,9.19,6.7,21,10,Yes,Yes,Female,No,No,No,No,Yes,110
Kristin Bater,7.11,9.39,7.14,6.17,7.56,7.48,7.34,7.09,12,10,Yes,No,Female,No,Yes,Yes,Yes,Yes,118
Hertha Loynton,7.8,7.1,8.01,9.51,9.9,8.48,7.28,8.5,14,7,Yes,No,Male,No,No,Yes,Yes,No,146
Annabal Leveridge,8.67,9.9,7.01,8.53,9.7,6.9,6.14,7.69,11,5,Yes,Yes,Male,Yes,No,Yes,No,Yes,95
Sibelle Kalkofen,7.66,9.3,8.23,7.64,9.57,8.19,8.05,9.1,2,1,Yes,No,Female,Yes,Yes,Yes,No,Yes,178
Mair MacQuaker,8.22,6.62,7.69,8.0,6.95,8.35,9.27,9.92,16,5,No,Yes,Male,Yes,Yes,Yes,Yes,No,136
Rob Midner,7.17,7.29,8.29,8.25,9.87,8.95,7.21,7.14,12,5,No,No,Female,Yes,Yes,Yes,No,Yes,87
Trisha Snasdell,9.61,9.85,6.24,7.63,7.61,8.74,6.72,7.0,9,7,No,No,Female,No,No,Yes,Yes,Yes,122
Ofilia Du Pre,6.98,8.45,8.22,7.05,6.04,7.73,9.03,9.26,14,5,No,No,Male,Yes,No,Yes,Yes,Yes,171
Wenona Lafflin,9.63,8.27,8.05,8.83,9.36,8.62,8.7,6.93,19,5,Yes,Yes,Male,No,No,No,Yes,Yes,115
Sabrina Kersey,9.3,9.94,8.08,8.93,7.24,8.17,7.67,9.58,9,3,No,Yes,Female,Yes,No,Yes,No,Yes,168
Bordie Easlea,9.28,8.94,8.74,8.73,7.93,9.21,6.89,7.99,5,9,No,No,Female,Yes,Yes,Yes,No,Yes,139
Travus Tamlett,7.78,6.88,9.4,7.8,6.76,9.05,7.53,8.83,21,8,Yes,Yes,Male,No,No,No,No,No,120
Celinka Lowbridge,6.18,8.21,6.53,8.06,7.89,9.26,8.03,6.19,16,2,No,No,Male,No,Yes,Yes,Yes,No,119
Erin Fowgies,6.07,9.49,7.33,7.46,7.25,8.9,8.54,7.16,12,5,No,Yes,Male,Yes,Yes,Yes,No,No,102
Nowell Geibel,8.58,9.0,8.13,9.15,9.0,8.89,6.86,8.19,10,3,No,Yes,Female,Yes,Yes,No,No,Yes,90
Alie Lindro,6.91,8.93,9.59,9.66,8.73,6.42,8.19,6.24,22,0,Yes,No,Male,Yes,Yes,No,Yes,Yes,154
Scotty Iori,9.58,9.1,7.6,8.04,7.13,6.72,7.73,9.18,4,9,No,Yes,Male,No,No,Yes,No,Yes,114
Cheri Angelini,9.11,7.87,8.2,8.8,6.94,8.7,6.28,9.73,5,2,No,Yes,Male,Yes,Yes,Yes,Yes,Yes,104
Werner Lissaman,8.11,8.75,8.61,6.36,7.75,6.05,8.82,6.51,7,8,Yes,Yes,Male,No,Yes,No,No,No,98
Katharina Sparkwell,8.4,7.69,6.2,7.49,9.52,6.62,6.59,7.54,7,1,Yes,No,Male,Yes,No,Yes,Yes,No,140
Marianna Albertson,6.35,7.96,8.89,6.73,8.4,6.29,7.2,9.79,5,1,Yes,No,Male,Yes,No,No,Yes,No,162
Grannie Waghorn,7.48,6.15,9.28,6.44,8.92,6.5,7.69,6.59,7,2,Yes,Yes,Female,No,Yes,Yes,Yes,Yes,116
Brandise Hugnet,9.19,6.76,9.73,8.29,9.73,7.26,8.04,8.06,11,8,Yes,No,Female,No,Yes,Yes,Yes,Yes,178
Creighton Pentlow,6.62,8.69,6.01,8.67,6.61,7.7,8.69,9.0,15,0,Yes,Yes,Male,Yes,Yes,Yes,No,Yes,123
Tonnie Gozney,7.99,8.45,6.08,7.49,7.27,8.02,8.57,7.68,16,10,No,No,Male,No,Yes,Yes,No,Yes,172
Blisse Hearnah,7.51,9.85,9.5,7.26,9.56,9.74,7.57,8.43,25,8,Yes,No,Male,No,No,No,No,Yes,91
Deana Richarz,8.06,8.78,8.72,6.05,9.66,8.13,7.73,7.89,7,4,No,No,Female,Yes,Yes,No,Yes,Yes,152
Pennie Children,6.37,7.67,6.24,7.23,8.5,9.7,8.41,6.31,13,4,No,No,Male,Yes,No,No,Yes,Yes,142
Dasha Crosland,7.53,8.87,8.11,8.59,7.84,7.37,9.61,8.46,2,2,Yes,No,Male,No,No,Yes,No,Yes,158
Willy Annakin,8.25,8.89,9.65,7.88,6.97,7.86,9.48,6.56,12,8,Yes,No,Male,No,No,Yes,Yes,Yes,178
Annabal Cable,8.96,9.69,7.12,8.53,8.28,7.9,9.67,9.88,21,3,Yes,No,Female,No,No,Yes,Yes,No,87
Edwin Ivanikhin,9.15,7.95,8.05,8.65,6.09,9.74,6.06,7.56,15,3,Yes,Yes,Female,No,No,No,No,No,147
Nevins Bercevelo,7.13,7.06,7.6,8.3,9.52,8.81,7.73,7.26,13,4,No,Yes,Female,No,No,Yes,No,No,146
Brady Dairton,9.28,6.15,8.67,6.86,6.06,9.88,8.56,6.8,24,0,Yes,Yes,Male,No,No,No,Yes,Yes,162
Morris Dane,9.56,9.66,9.01,7.72,7.85,8.62,8.48,6.87,17,6,Yes,No,Male,No,No,No,No,No,106
Waverly McCallister,9.8,8.06,9.86,9.33,6.73,9.82,7.22,7.97,11,3,No,Yes,Female,No,No,No,No,Yes,94
Kermit Sibyllina,9.9,8.23,8.96,8.43,6.78,8.38,6.81,7.19,12,10,No,No,Female,Yes,Yes,No,No,No,123
Holly-anne Darwen,8.69,7.83,9.7,7.75,9.94,7.7,8.56,6.66,7,3,Yes,No,Male,No,Yes,No,Yes,Yes,173
Inigo Idale,9.32,7.78,7.31,6.51,8.88,7.59,9.49,7.16,3,3,Yes,No,Female,Yes,Yes,No,Yes,No,145
Renaud Ferraraccio,9.88,9.82,6.38,8.65,7.76,8.43,8.11,7.03,5,7,No,Yes,Male,Yes,No,Yes,No,Yes,122
Rubin Glew,9.05,7.64,9.94,7.01,6.92,9.61,9.38,8.19,5,5,No,Yes,Male,No,Yes,Yes,No,No,132
Hadria Howels,7.74,7.5,6.72,7.38,7.47,6.54,8.39,6.82,20,5,No,No,Female,Yes,Yes,No,No,Yes,117
Rosalynd Lowdham,9.03,7.42,7.05,8.98,6.89,9.94,7.52,6.08,14,4,Yes,Yes,Male,Yes,Yes,Yes,Yes,No,86
Kelsy Rizzo,9.1,9.55,9.6,8.54,8.8,7.5,8.01,8.96,5,0,No,Yes,Male,Yes,Yes,No,Yes,No,162
Aidan Graith,9.17,7.7,7.25,6.65,7.67,6.16,6.97,6.62,19,8,No,No,Female,No,Yes,Yes,No,Yes,161
Minta Studart,9.64,9.02,8.2,8.13,8.41,7.63,6.47,8.71,6,2,Yes,No,Female,No,No,No,No,Yes,84
Veronike Berka,7.92,9.31,9.42,7.88,6.91,9.38,9.01,8.19,13,10,No,Yes,Male,No,Yes,No,Yes,No,143
Wade Alenichicov,9.78,6.19,6.36,7.78,6.67,7.77,9.49,6.2,14,5,Yes,Yes,Male,Yes,Yes,No,No,Yes,145
Byrom How to preserve,8.96,9.18,6.82,8.79,9.85,8.41,8.02,6.9,8,6,Yes,No,Female,Yes,Yes,No,No,No,164
Ingar Quixley,8.65,8.75,9.78,7.7,9.32,9.52,6.19,8.52,9,10,Yes,Yes,Female,No,Yes,Yes,Yes,Yes,91
Armstrong Wilder,6.8,9.9,8.95,6.44,6.49,7.59,8.31,7.08,7,5,No,No,Female,Yes,Yes,No,Yes,No,146
Raine MacKain,6.27,9.01,8.45,7.52,7.74,6.69,8.58,6.29,10,5,No,Yes,Male,Yes,Yes,Yes,Yes,Yes,94
Pall Ivel,9.63,9.27,6.61,6.26,8.43,9.5,9.29,7.47,20,1,No,No,Female,No,Yes,Yes,Yes,Yes,86
Brett Hekkert,8.67,6.23,8.03,6.72,7.39,6.37,7.13,6.38,17,6,No,No,Male,Yes,No,No,No,No,153
Cleveland Grasser,7.99,6.87,8.12,6.23,9.66,8.06,9.84,9.83,21,8,Yes,No,Male,No,Yes,Yes,Yes,No,131
Frederick Castillo,7.78,8.7,7.68,8.23,9.13,8.0,6.23,9.22,25,3,No,No,Male,No,No,Yes,Yes,No,163
Agretha Leele,6.17,6.69,6.82,9.02,7.42,9.43,6.34,10.0,17,6,No,Yes,Male,Yes,Yes,Yes,Yes,No,138
Shawn de Leon,9.02,6.44,9.44,6.66,9.3,7.26,6.14,8.98,9,9,Yes,Yes,Female,No,Yes,Yes,Yes,No,81
Otha Tregunnah,7.82,6.07,8.22,7.7,6.97,7.55,8.36,8.23,19,4,No,No,Male,No,Yes,Yes,Yes,Yes,115
Mignonne Vaines,7.61,9.09,6.28,8.32,6.85,6.39,6.52,6.42,16,7,Yes,Yes,Male,No,Yes,Yes,No,No,131
Olly Borgnet,7.2,7.65,8.16,6.49,8.91,9.8,7.13,7.71,17,1,Yes,Yes,Male,Yes,Yes,Yes,Yes,Yes,137
Gan Margerrison,7.9,7.0,6.69,9.54,6.81,7.54,9.53,9.33,25,7,No,No,Female,Yes,No,No,No,Yes,145
Dannie Stigers,9.07,6.56,8.79,7.88,8.72,8.39,8.64,6.29,16,8,Yes,Yes,Male,Yes,No,Yes,No,No,140
Perri Alwood,6.73,8.0,7.43,7.85,7.46,6.75,6.35,8.84,8,9,Yes,Yes,Female,Yes,Yes,Yes,Yes,Yes,94
Marrilee Hatcliffe,6.16,9.58,6.12,9.49,7.28,7.87,7.57,7.7,13,2,No,No,Female,Yes,No,No,Yes,No,82
Kalina Bickle,8.57,7.67,7.19,6.7,8.22,7.75,6.38,9.76,24,3,Yes,Yes,Female,Yes,No,Yes,Yes,No,80
Freddie Napoli,6.48,9.24,9.45,7.0,9.83,8.84,9.39,9.75,7,5,Yes,Yes,Female,Yes,No,Yes,Yes,Yes,162
Joaquin Marsland,8.73,6.96,6.67,7.66,6.18,8.43,8.66,8.21,5,2,No,Yes,Female,No,No,Yes,No,Yes,153
Abba Huntly,8.43,8.33,9.49,6.66,9.12,7.95,7.75,9.32,23,4,No,No,Female,Yes,No,No,Yes,No,122
Benjamin Vinsen,7.26,8.53,7.81,8.57,6.43,6.71,8.18,9.73,13,3,Yes,Yes,Female,Yes,No,Yes,No,No,177
Essy Guiness,7.47,8.86,6.19,7.69,9.11,9.26,7.2,8.11,19,7,No,No,Male,Yes,Yes,No,Yes,No,175
Dorolisa Gullam,7.85,10.0,6.83,9.85,9.81,7.34,9.14,9.68,6,9,Yes,No,Female,No,No,No,No,Yes,159
Bennie Gerraty,7.12,6.43,8.35,9.33,9.05,6.67,8.07,6.03,21,3,No,No,Female,Yes,Yes,Yes,Yes,Yes,84
Steve Petel,9.31,9.27,6.92,8.31,6.49,8.01,8.56,6.37,12,3,No,No,Male,No,No,Yes,No,No,122
Feliks McGookin,6.74,7.02,7.61,8.75,9.51,7.37,9.58,9.08,24,6,No,No,Female,No,Yes,No,Yes,No,89
Bertina Skeldon,6.74,8.13,7.69,9.87,6.08,8.53,7.6,9.72,14,9,Yes,No,Male,No,Yes,Yes,Yes,Yes,118
Babbette O'Cahsedy,6.21,6.24,9.44,7.34,7.71,7.68,7.5,8.65,22,10,No,Yes,Male,No,No,No,No,Yes,83
Trey Budd,9.42,9.63,8.62,7.77,9.11,6.54,9.97,10.0,17,10,Yes,Yes,Male,Yes,Yes,Yes,No,No,161
Stephani Cockhill,6.72,7.31,7.28,6.18,8.73,7.76,8.37,7.71,7,3,Yes,Yes,Male,No,Yes,Yes,Yes,Yes,132
Nellie Dinsmore,9.9,8.19,6.13,6.85,6.9,6.07,6.69,6.78,8,9,No,No,Female,Yes,No,Yes,No,Yes,118
Goldy Duckhouse,6.61,6.91,9.91,6.81,6.92,6.8,9.56,9.1,10,2,Yes,Yes,Male,No,Yes,Yes,No,Yes,156
Valenka Ennor,9.37,7.81,7.87,7.43,9.46,6.19,6.98,9.92,16,5,Yes,No,Male,No,Yes,No,No,No,80
Erek MacNeish,7.31,7.99,9.21,6.52,8.38,7.34,8.67,7.21,14,0,Yes,Yes,Female,Yes,No,Yes,No,No,154
Irv McCullogh,6.03,9.56,7.61,6.74,8.73,6.11,8.74,6.43,15,2,Yes,No,Male,Yes,No,Yes,Yes,Yes,129
Robinet Magnus,7.39,6.18,7.54,9.46,7.57,9.48,9.32,6.39,24,0,Yes,Yes,Female,Yes,No,No,Yes,No,175
Mariquilla Codrington,6.57,8.19,8.0,7.63,6.86,8.72,8.54,8.5,9,8,Yes,No,Female,Yes,No,Yes,No,Yes,126
Corinne Legrave,9.68,6.24,8.06,8.93,8.84,8.85,8.9,9.32,19,9,Yes,No,Female,No,Yes,No,Yes,No,106
Dario Eingerfield,9.77,8.46,6.31,7.23,7.8,6.97,9.77,9.85,5,9,Yes,Yes,Male,Yes,No,No,Yes,Yes,132
Ranee Matyasik,6.21,9.93,7.19,6.45,7.4,8.31,6.17,9.12,12,2,Yes,No,Female,Yes,No,No,Yes,No,115
Jeramie McDonnell,7.58,8.41,6.3,9.38,9.04,7.68,7.46,8.64,11,0,Yes,No,Female,Yes,No,No,Yes,Yes,100
Annabal Kiddell,6.72,6.86,7.76,7.28,8.78,7.68,6.34,6.54,21,3,Yes,Yes,Male,No,No,Yes,No,Yes,83
Lizette Standbridge,8.86,6.54,8.83,8.2,9.65,7.27,9.93,7.36,16,8,No,Yes,Female,No,No,Yes,Yes,Yes,104
Claudius Errigo,6.35,8.54,9.86,9.09,8.13,8.63,8.24,9.94,14,7,No,Yes,Male,Yes,No,No,Yes,No,167
Crystie MacCheyne,8.25,7.56,6.75,6.8,9.27,7.58,8.39,8.57,19,8,Yes,Yes,Female,Yes,No,No,Yes,No,88
Krystal Ricciardello,7.96,6.64,7.1,9.83,6.44,7.25,7.8,7.4,14,0,No,Yes,Female,No,No,No,No,No,91
Antonin Rackam,6.09,6.86,7.17,9.68,9.42,8.93,6.4,8.7,8,10,Yes,Yes,Female,No,No,No,Yes,Yes,137
Krystle Gabbitis,9.83,8.13,9.39,7.62,9.96,7.7,7.03,6.41,14,8,Yes,Yes,Male,Yes,No,No,No,No,135
Nelly Stych,7.89,8.82,8.69,7.19,9.88,9.34,9.78,6.69,24,2,Yes,No,Male,Yes,Yes,Yes,Yes,No,112
Giovanna Rennles,8.1,7.83,7.77,7.08,7.6,6.54,9.19,8.02,8,5,Yes,Yes,Female,No,Yes,Yes,Yes,No,93
Sylvester Cuniam,8.35,6.1,7.45,7.3,6.72,7.71,8.34,8.44,23,5,Yes,No,Female,Yes,No,No,Yes,Yes,170
Nealon Grinley,9.37,6.65,7.54,7.63,6.2,8.76,9.79,9.36,22,0,No,Yes,Male,Yes,Yes,Yes,Yes,No,176
Concordia Hugle,9.54,8.69,9.14,8.79,9.21,8.46,7.02,6.34,21,9,Yes,Yes,Female,No,No,Yes,Yes,No,126
Melvin Goatcher,7.45,8.84,6.77,6.42,7.37,7.39,7.96,7.07,22,9,No,No,Male,Yes,Yes,Yes,No,No,163
Rikki Noye,6.12,6.26,9.19,7.1,8.38,7.79,6.59,8.75,8,5,Yes,No,Female,Yes,No,No,No,No,167
Heather Boncore,9.11,8.61,7.49,8.78,7.25,8.1,6.33,9.66,20,1,Yes,Yes,Male,No,No,No,No,No,96
Inna Aloshikin,6.83,9.6,9.6,6.88,7.71,7.86,6.29,9.87,10,8,Yes,No,Male,Yes,No,Yes,Yes,Yes,120
Rosemarie Woolland,8.32,7.88,6.99,9.6,6.61,6.44,7.94,9.93,10,4,No,Yes,Male,No,Yes,Yes,No,Yes,101
Becca Drewe,7.14,6.57,8.94,8.91,8.59,6.88,8.61,8.28,6,10,Yes,No,Female,Yes,No,No,No,Yes,179
Everard Mulcaster,6.43,7.0,9.11,7.75,6.11,9.4,6.98,6.04,8,0,No,No,Male,No,No,Yes,No,Yes,105
Merry Colloff,9.51,6.25,9.18,7.67,7.07,8.89,6.02,9.33,16,0,No,No,Male,Yes,Yes,Yes,Yes,Yes,114
Halimeda Jedrych,6.35,6.34,9.88,9.28,9.81,8.26,6.06,7.58,2,1,Yes,No,Female,No,Yes,Yes,Yes,No,90
Denny Pett,7.4,7.0,8.78,8.59,9.83,6.99,9.82,6.07,20,6,Yes,Yes,Female,Yes,Yes,No,No,Yes,174
Tedmund Lipgens,6.91,9.77,7.48,9.94,8.38,6.03,8.56,7.41,5,8,Yes,No,Male,No,No,No,Yes,Yes,105
Andrei Hazelby,8.6,9.91,8.53,7.81,7.41,9.99,7.51,9.91,16,8,Yes,Yes,Female,Yes,Yes,No,No,No,157
Jacquenetta Zima,6.49,7.82,8.54,8.67,8.74,6.34,8.54,9.42,20,7,Yes,No,Male,No,No,No,No,No,119
Lethia Cressy,6.23,6.37,9.49,7.87,9.47,7.71,8.19,7.82,18,5,Yes,Yes,Male,Yes,No,Yes,Yes,Yes,110
Durward Alessandrini,7.16,8.99,7.87,8.55,8.73,8.09,9.3,6.11,19,4,Yes,No,Male,Yes,Yes,Yes,No,Yes,96
Joey Mattei,6.92,6.76,6.75,6.03,6.17,9.39,6.98,7.16,3,10,Yes,Yes,Male,No,No,No,Yes,Yes,168
Patty Brydell,6.77,6.27,8.56,8.1,7.85,7.52,9.34,8.14,6,3,No,No,Female,No,Yes,No,Yes,No,167
Tiffani Kinny,9.36,7.18,9.08,7.28,8.64,6.05,8.07,7.77,18,1,No,Yes,Female,Yes,Yes,No,No,No,120
Doug Ayce,9.1,8.49,6.07,8.25,9.04,6.23,7.5,8.08,7,5,No,Yes,Female,No,No,Yes,No,Yes,141
Maressa Durant,7.73,8.48,7.45,6.4,7.18,9.15,9.72,9.92,6,8,No,No,Female,No,Yes,No,No,Yes,105
Niki Rickaby,8.39,9.94,6.34,9.01,6.37,9.67,7.58,7.96,18,4,No,Yes,Male,No,No,No,Yes,No,172
Adele Lampen,8.49,9.42,6.29,6.8,9.79,6.95,6.81,9.77,2,1,No,Yes,Male,Yes,No,No,No,No,119
Angelica Murgatroyd,7.96,6.26,6.51,6.86,6.44,8.57,7.74,7.24,10,9,No,No,Female,Yes,No,No,No,No,83
Arluene Curtoys,8.78,9.03,8.04,6.99,6.26,7.25,9.79,8.31,7,1,No,Yes,Female,No,Yes,No,No,Yes,140
Rad Renzini,9.4,9.51,6.77,9.21,8.1,9.91,8.62,6.0,16,9,Yes,Yes,Female,No,Yes,Yes,Yes,No,83
Orly Radish,6.71,8.1,8.25,6.41,9.04,9.91,9.64,9.76,8,8,Yes,Yes,Female,Yes,Yes,No,No,Yes,175
Harriette Renals,6.43,8.5,9.44,8.91,6.01,6.28,6.87,6.38,2,6,No,Yes,Male,No,No,Yes,Yes,Yes,84
Jorie Pratt,9.32,6.88,9.56,7.96,9.25,9.49,8.45,8.63,6,9,No,Yes,Female,No,No,Yes,No,No,136
Wenona Kimmons,6.64,7.44,9.45,6.72,9.34,7.83,6.72,9.84,5,3,No,No,Male,Yes,No,No,No,No,102
Isidora Ixor,8.8,8.17,9.04,7.37,9.79,9.04,9.39,9.32,9,1,No,Yes,Female,No,No,No,Yes,No,95
Mellie Gatcliff,8.91,9.36,7.85,9.28,7.44,6.2,6.86,7.55,14,8,Yes,No,Male,No,Yes,No,No,Yes,140
Gratia McGucken,6.69,7.35,6.57,6.37,9.99,8.58,9.8,6.32,20,9,No,No,Female,No,Yes,Yes,Yes,Yes,117
Diarmid Bolver,6.49,7.19,7.69,8.4,8.99,8.04,6.45,7.55,19,9,Yes,No,Male,Yes,No,No,Yes,No,139
Natty Aikman,6.51,6.18,6.88,8.48,7.65,8.3,8.13,8.6,6,8,No,Yes,Male,Yes,No,Yes,No,Yes,179
Carmen Rummery,6.3,6.68,6.5,8.0,9.47,8.77,8.67,9.03,25,0,Yes,Yes,Female,Yes,No,Yes,Yes,No,124
Toni Cumesky,6.22,8.66,8.34,6.81,6.47,9.8,8.47,6.95,20,8,No,No,Male,No,No,No,No,Yes,82
Edgard Larkkem,6.98,9.5,9.83,6.22,6.1,6.73,7.68,6.3,13,1,Yes,No,Male,Yes,Yes,Yes,Yes,No,112
Dani Croisier,9.83,8.66,9.93,7.72,7.85,8.83,7.71,7.63,25,1,No,Yes,Male,No,No,No,No,Yes,141
Simeon Penlington,9.54,6.06,8.52,9.22,6.04,9.51,9.77,6.69,3,7,No,Yes,Female,No,Yes,No,No,No,161
Teena Loram,7.17,6.18,8.19,8.95,8.19,7.03,8.91,6.26,12,9,No,Yes,Male,Yes,Yes,Yes,Yes,Yes,104
Adams Eggleton,7.9,7.97,7.92,6.78,7.6,7.31,6.33,7.17,2,3,Yes,No,Female,No,No,Yes,No,Yes,158
Howie Dekeyser,9.52,9.58,8.83,6.56,9.19,8.54,6.16,8.32,14,5,Yes,Yes,Male,Yes,Yes,No,No,No,84
Mycah Van der Baaren,9.47,9.54,8.69,6.67,7.63,8.03,8.08,9.72,21,5,Yes,Yes,Male,Yes,No,No,Yes,No,172
Rocky Iori,8.13,9.6,6.84,7.34,8.68,9.2,6.11,9.37,22,9,No,Yes,Female,No,No,No,No,No,162
Lelah Gredden,8.44,9.49,7.4,8.61,7.65,7.95,9.39,6.06,2,4,Yes,No,Female,Yes,No,Yes,Yes,Yes,102
Ophelie Vince,7.5,7.02,7.55,9.36,9.32,7.87,8.14,7.99,3,6,No,No,Male,No,No,Yes,No,No,106
Paige Pither,9.54,8.13,6.26,8.47,8.59,7.67,6.16,9.47,15,6,Yes,No,Male,Yes,Yes,Yes,No,No,123
Louella Heskin,7.86,8.81,6.35,8.51,8.3,8.74,8.15,9.82,5,6,Yes,No,Male,No,No,No,Yes,No,166
Crissy Duffie,8.14,9.34,7.76,9.26,7.99,8.37,7.89,9.46,3,0,Yes,Yes,Female,No,Yes,No,Yes,No,105
Dominic Allder,6.4,9.2,6.35,7.0,7.1,8.56,7.0,6.9,18,5,Yes,No,Male,Yes,Yes,Yes,No,No,99
Sue Laurent,6.92,8.29,9.53,9.23,6.11,9.56,8.77,9.17,15,2,No,Yes,Male,Yes,No,Yes,No,Yes,179
Val Dugan,9.86,9.66,8.11,6.37,7.05,6.8,6.5,7.12,11,1,Yes,No,Female,No,Yes,Yes,Yes,No,167
Freida Gerge,8.06,9.64,8.59,9.75,7.43,8.17,6.79,8.82,23,8,Yes,Yes,Male,No,No,No,Yes,Yes,86
Jasun Slaughter,9.19,6.72,9.78,6.26,9.07,9.54,8.6,6.83,14,3,Yes,Yes,Male,Yes,No,No,No,Yes,166
Michal Titheridge,7.17,8.13,6.78,6.7,8.98,9.11,6.94,9.97,22,5,No,No,Male,No,Yes,Yes,Yes,No,161
Gideon Sauvage,7.73,6.67,9.14,8.67,8.83,9.77,7.58,7.3,4,4,Yes,Yes,Female,Yes,No,No,No,Yes,86
Frederick Caller,9.3,8.66,8.61,8.07,6.08,9.68,8.65,8.87,22,5,Yes,No,Female,No,Yes,No,No,Yes,129
Laurence Hackey,9.16,8.27,6.48,7.81,9.25,6.71,6.87,8.35,6,5,Yes,No,Female,Yes,No,Yes,No,Yes,148
Giffy Simper,7.15,8.29,7.82,7.78,6.88,9.98,8.71,8.49,3,0,Yes,No,Male,Yes,No,No,Yes,No,148
Basil Ickov,9.28,6.25,9.63,7.53,8.77,6.26,7.59,6.53,2,9,Yes,No,Female,No,Yes,No,Yes,No,131
Ebenezer Free,7.45,9.01,7.79,8.53,8.57,7.72,6.92,9.26,22,8,No,No,Male,No,No,Yes,No,Yes,111
Ivan Slyne,7.61,8.44,6.67,6.52,8.22,7.11,9.3,7.15,17,1,Yes,Yes,Male,No,Yes,No,Yes,No,120
Leonora Arbuckel,8.73,7.7,7.61,7.2,7.15,9.31,6.29,7.61,24,7,Yes,Yes,Female,Yes,Yes,Yes,Yes,No,133
Stanley Risson,9.2,7.87,6.75,7.92,8.23,9.88,9.25,8.0,21,9,No,Yes,Female,No,No,Yes,No,No,177
Lynnett Donan,7.66,6.1,7.57,7.94,8.46,8.17,7.77,8.87,12,5,Yes,No,Female,Yes,Yes,No,Yes,No,100
Malissia Tanzer,6.98,6.25,8.03,6.91,6.03,8.27,9.97,7.07,17,5,Yes,Yes,Male,Yes,Yes,No,No,Yes,178
Chiquita Simmens,8.19,6.99,9.92,7.93,6.95,7.91,6.98,9.2,22,1,No,No,Female,No,No,Yes,Yes,No,92
Naoma Ure,6.65,9.16,8.42,9.93,7.26,6.9,9.21,9.77,14,7,Yes,Yes,Female,No,Yes,No,Yes,No,90
Mitchell Drever,9.75,6.74,9.87,8.89,8.6,8.23,6.32,6.2,22,10,Yes,No,Female,No,Yes,No,Yes,Yes,107
Humphrey Whymark,7.39,6.09,9.37,6.99,7.41,9.57,9.56,8.91,18,10,No,Yes,Female,Yes,No,Yes,Yes,Yes,101
Terencio Coult,6.22,9.93,6.54,8.87,9.83,9.63,8.76,8.78,13,2,No,Yes,Male,No,Yes,No,Yes,Yes,128
Kellsie Sondland,7.45,7.74,6.36,7.62,6.41,9.33,6.83,9.64,17,6,Yes,No,Female,No,Yes,No,No,Yes,130
Hermia Twigley,6.78,7.16,8.74,8.36,6.25,7.88,7.64,7.71,17,1,No,Yes,Female,No,No,Yes,Yes,Yes,136
Neila Highton,9.43,8.38,6.6,9.86,6.09,8.83,9.47,6.87,24,7,Yes,Yes,Female,No,Yes,No,Yes,No,135
Ban Lattka,8.36,7.54,6.42,8.77,7.81,6.31,9.25,8.03,13,7,Yes,Yes,Male,No,No,No,Yes,Yes,100
Sayers Crippen,6.4,7.36,9.04,6.24,7.74,9.79,6.91,8.05,10,9,No,No,Female,No,No,No,Yes,No,101
Gabe Toomey,7.17,8.65,9.27,6.68,6.99,6.72,9.3,7.58,17,5,Yes,No,Female,No,No,No,No,No,85
Jemimah Berryann,9.73,8.39,7.74,7.17,8.04,7.97,9.72,7.74,6,5,No,Yes,Female,No,Yes,No,Yes,Yes,80
Kirstin Hugenin,9.55,9.67,7.19,6.6,6.88,9.54,6.94,8.6,19,1,Yes,Yes,Male,No,Yes,No,Yes,Yes,105
Randi Hillan,6.99,9.48,9.39,8.12,7.44,9.28,8.84,9.55,13,2,Yes,Yes,Female,No,Yes,No,Yes,No,114
Ninnette McKinley,9.57,9.96,7.44,6.55,7.92,9.48,9.03,8.76,5,2,No,No,Male,No,No,No,No,No,141
Rafaellle Maxted,6.51,8.31,7.05,9.19,9.67,8.27,9.15,7.26,11,0,No,Yes,Male,No,No,Yes,Yes,Yes,87
Adelind MacInnes,9.38,8.27,9.62,8.22,8.07,9.2,7.76,9.97,23,1,No,No,Male,Yes,Yes,Yes,No,Yes,172
Tammi Frizzell,7.58,8.25,6.83,6.53,7.35,7.82,6.3,9.18,6,6,No,Yes,Male,No,No,Yes,Yes,Yes,178
Prent Dockrey,7.48,8.35,7.21,9.14,6.59,7.76,9.52,7.63,19,8,Yes,Yes,Female,No,No,No,No,No,160
Shirlene Fratczak,8.41,7.73,8.06,9.8,9.7,6.22,6.8,8.33,19,2,Yes,Yes,Male,Yes,No,Yes,Yes,Yes,85
Troy Cogswell,7.4,9.78,8.41,8.03,9.6,7.75,7.85,6.19,14,5,No,Yes,Female,No,No,Yes,Yes,Yes,116
Cointon Allsebrook,8.64,7.13,8.78,7.58,9.16,6.57,6.37,8.02,21,6,No,No,Female,No,No,Yes,Yes,Yes,98
Bob Bolus,7.89,6.65,8.35,7.74,9.28,7.62,8.7,6.27,3,6,No,Yes,Female,Yes,No,No,No,No,180
Hallie Conrart,9.69,6.74,9.21,6.37,8.72,9.11,8.49,8.14,24,1,No,No,Male,No,Yes,Yes,No,Yes,145
Aylmar Garstang,6.27,7.39,6.0,9.56,7.95,8.88,8.43,7.92,24,6,Yes,No,Male,No,No,Yes,No,No,92
Engracia Ellesmere,8.01,7.73,7.88,8.11,8.47,9.24,8.79,6.04,7,4,Yes,No,Female,No,Yes,No,No,No,110
Hali Dinkin,9.64,8.31,8.13,9.49,7.76,6.34,6.99,6.4,6,4,Yes,Yes,Female,No,No,Yes,No,No,103
Fletch Crossdale,8.69,8.95,6.3,6.61,9.89,7.64,9.28,6.02,20,4,Yes,Yes,Male,No,No,Yes,Yes,Yes,173
Annadiana Mattusevich,8.29,9.39,6.77,7.68,9.22,9.57,9.58,6.22,8,7,Yes,No,Male,Yes,No,Yes,Yes,Yes,89
Devonne Beddoe,8.36,6.47,7.47,7.65,9.53,7.61,9.7,8.18,10,2,Yes,No,Male,No,Yes,Yes,Yes,Yes,91
Helenka Pomfret,6.1,7.89,8.08,6.72,9.39,7.09,7.09,7.9,6,5,No,Yes,Male,No,No,No,Yes,No,149
Danny Coulman,9.27,9.36,7.78,8.68,7.96,6.54,7.54,7.74,10,4,Yes,No,Male,Yes,Yes,No,Yes,No,133
